transaction_date,revenue,expense,entity_id
2022-08-18,515.0,0.0,TRIZETTO#NqK3E
2022-08-19,3852.29,3776.02,TRIZETTO#NqK3E
2022-08-20,0.0,0.0,TRIZETTO#NqK3E
2022-08-21,0.0,0.0,TRIZETTO#NqK3E
2022-08-22,380.0,471.11,TRIZETTO#NqK3E
2022-08-23,9090.66,4760.0,TRIZETTO#NqK3E
2022-08-24,400.0,4433.860000000001,TRIZETTO#NqK3E
2022-08-25,1541.8,793.8199999999999,TRIZETTO#NqK3E
2022-08-26,670.0,1417.3899999999999,TRIZETTO#NqK3E
2022-08-27,0.0,0.0,TRIZETTO#NqK3E
2022-08-28,0.0,0.0,TRIZETTO#NqK3E
2022-08-29,1156.71,711.55,TRIZETTO#NqK3E
2022-08-30,150.0,750.0,TRIZETTO#NqK3E
2022-08-31,566.53,613.0,TRIZETTO#NqK3E
2022-09-01,902.0899999999999,797.21,TRIZETTO#NqK3E
2022-09-02,625.85,314.65,TRIZETTO#NqK3E
2022-09-03,0.0,0.0,TRIZETTO#NqK3E
2022-09-04,0.0,0.0,TRIZETTO#NqK3E
2022-09-05,0.0,0.0,TRIZETTO#NqK3E
2022-09-06,563.02,913.97,TRIZETTO#NqK3E
2022-09-07,175.0,360.0,TRIZETTO#NqK3E
2022-09-08,2260.0,1515.78,TRIZETTO#NqK3E
2022-09-09,3720.9,3785.72,TRIZETTO#NqK3E
2022-09-10,0.0,0.0,TRIZETTO#NqK3E
2022-09-11,0.0,0.0,TRIZETTO#NqK3E
2022-09-12,823.22,997.06,TRIZETTO#NqK3E
2022-09-13,182.42,674.73,TRIZETTO#NqK3E
2022-09-14,2869.66,2800.0,TRIZETTO#NqK3E
2022-09-15,1585.0,850.0,TRIZETTO#NqK3E
2022-09-16,2305.38,1251.05,TRIZETTO#NqK3E
2022-09-17,0.0,0.0,TRIZETTO#NqK3E
2022-09-18,0.0,0.0,TRIZETTO#NqK3E
2022-09-19,1097.15,2826.2,TRIZETTO#NqK3E
2022-09-20,627.6,468.0,TRIZETTO#NqK3E
2022-09-21,500.16999999999996,428.28,TRIZETTO#NqK3E
2022-09-22,1705.0,1035.0,TRIZETTO#NqK3E
2022-09-23,844.3299999999999,1545.0,TRIZETTO#NqK3E
2022-09-24,0.0,0.0,TRIZETTO#NqK3E
2022-09-25,0.0,0.0,TRIZETTO#NqK3E
2022-09-26,2177.5299999999997,2154.7400000000002,TRIZETTO#NqK3E
2022-09-27,234.86,450.0,TRIZETTO#NqK3E
2022-09-28,60.0,305.73,TRIZETTO#NqK3E
2022-09-29,1293.53,1045.8600000000001,TRIZETTO#NqK3E
2022-09-30,1895.1399999999999,1325.01,TRIZETTO#NqK3E
2022-10-01,0.0,0.0,TRIZETTO#NqK3E
2022-10-02,0.0,0.0,TRIZETTO#NqK3E
2022-10-03,197.04,860.91,TRIZETTO#NqK3E
2022-10-04,439.68,304.9,TRIZETTO#NqK3E
2022-10-05,75.0,190.0,TRIZETTO#NqK3E
2022-10-06,1723.83,1050.0,TRIZETTO#NqK3E
2022-10-07,1195.0,1835.4,TRIZETTO#NqK3E
2022-10-08,0.0,0.0,TRIZETTO#NqK3E
2022-10-09,0.0,0.0,TRIZETTO#NqK3E
2022-10-10,0.0,0.0,TRIZETTO#NqK3E
2022-10-11,1063.03,995.54,TRIZETTO#NqK3E
2022-10-12,560.42,460.95,TRIZETTO#NqK3E
2022-10-13,1929.0,1495.0,TRIZETTO#NqK3E
2022-10-14,2525.77,2174.79,TRIZETTO#NqK3E
2022-10-15,0.0,0.0,TRIZETTO#NqK3E
2022-10-16,0.0,0.0,TRIZETTO#NqK3E
2022-10-17,300.0,1581.29,TRIZETTO#NqK3E
2022-10-18,0.0,0.0,TRIZETTO#NqK3E
2022-10-19,1190.0,968.85,TRIZETTO#NqK3E
2022-10-20,860.0,345.0,TRIZETTO#NqK3E
2022-10-21,1963.82,2119.06,TRIZETTO#NqK3E
2022-10-22,0.0,0.0,TRIZETTO#NqK3E
2022-10-23,0.0,0.0,TRIZETTO#NqK3E
2022-10-24,776.97,730.8399999999999,TRIZETTO#NqK3E
2022-10-25,709.78,553.55,TRIZETTO#NqK3E
2022-10-26,80.0,412.23,TRIZETTO#NqK3E
2022-10-27,600.0,39.28,TRIZETTO#NqK3E
2022-10-28,650.0,1341.83,TRIZETTO#NqK3E
2022-10-29,0.0,0.0,TRIZETTO#NqK3E
2022-10-30,0.0,0.0,TRIZETTO#NqK3E
2022-10-31,200.0,532.5699999999999,TRIZETTO#NqK3E
2022-11-01,1276.52,1080.0,TRIZETTO#NqK3E
2022-11-02,176.91,0.0,TRIZETTO#NqK3E
2022-11-03,1350.0,915.65,TRIZETTO#NqK3E
2022-11-04,1332.21,829.31,TRIZETTO#NqK3E
2022-11-05,0.0,0.0,TRIZETTO#NqK3E
2022-11-06,0.0,0.0,TRIZETTO#NqK3E
2022-11-07,570.31,1695.24,TRIZETTO#NqK3E
2022-11-08,314.0,40.0,TRIZETTO#NqK3E
2022-11-09,608.13,665.0,TRIZETTO#NqK3E
2022-11-10,2764.12,1259.02,TRIZETTO#NqK3E
2022-11-11,0.0,0.0,TRIZETTO#NqK3E
2022-11-12,0.0,0.0,TRIZETTO#NqK3E
2022-11-13,0.0,0.0,TRIZETTO#NqK3E
2022-11-14,3574.3,2970.14,TRIZETTO#NqK3E
2022-11-15,419.21,2702.0,TRIZETTO#NqK3E
2022-11-16,395.0,0.0,TRIZETTO#NqK3E
2022-11-17,1650.0,1541.04,TRIZETTO#NqK3E
2022-11-18,1568.33,1774.73,TRIZETTO#NqK3E
2022-11-19,0.0,0.0,TRIZETTO#NqK3E
2022-11-20,0.0,0.0,TRIZETTO#NqK3E
2022-11-21,550.8299999999999,835.27,TRIZETTO#NqK3E
2022-11-22,77.0,75.0,TRIZETTO#NqK3E
2022-11-23,967.83,357.38,TRIZETTO#NqK3E
2022-11-24,0.0,0.0,TRIZETTO#NqK3E
2022-11-25,100.0,613.27,TRIZETTO#NqK3E
2022-11-26,0.0,0.0,TRIZETTO#NqK3E
2022-11-27,0.0,0.0,TRIZETTO#NqK3E
2022-11-28,765.0,1060.22,TRIZETTO#NqK3E
2022-11-29,907.37,709.0,TRIZETTO#NqK3E
2022-11-30,370.0,197.07999999999998,TRIZETTO#NqK3E
2022-12-01,934.26,1169.38,TRIZETTO#NqK3E
2022-12-02,1331.25,256.65,TRIZETTO#NqK3E
2022-12-03,0.0,0.0,TRIZETTO#NqK3E
2022-12-04,0.0,0.0,TRIZETTO#NqK3E
2022-12-05,482.43,736.77,TRIZETTO#NqK3E
2022-12-06,60.0,546.96,TRIZETTO#NqK3E
2022-12-07,1400.0,1138.77,TRIZETTO#NqK3E
2022-12-08,975.0,500.0,TRIZETTO#NqK3E
2022-12-09,1810.0,2743.2799999999997,TRIZETTO#NqK3E
2022-12-10,0.0,0.0,TRIZETTO#NqK3E
2022-12-11,0.0,0.0,TRIZETTO#NqK3E
2022-12-12,1470.44,908.71,TRIZETTO#NqK3E
2022-12-13,448.2,825.0,TRIZETTO#NqK3E
2022-12-14,490.0,673.78,TRIZETTO#NqK3E
2022-12-15,1860.0,501.58,TRIZETTO#NqK3E
2022-12-16,680.0,1783.67,TRIZETTO#NqK3E
2022-12-17,0.0,0.0,TRIZETTO#NqK3E
2022-12-18,0.0,0.0,TRIZETTO#NqK3E
2022-12-19,1164.26,938.25,TRIZETTO#NqK3E
2022-12-20,197.21,175.6,TRIZETTO#NqK3E
2022-12-21,505.0,204.3,TRIZETTO#NqK3E
2022-12-22,1840.12,1829.22,TRIZETTO#NqK3E
2022-12-23,595.05,835.0,TRIZETTO#NqK3E
2022-12-24,0.0,0.0,TRIZETTO#NqK3E
2022-12-25,0.0,0.0,TRIZETTO#NqK3E
2022-12-26,0.0,0.0,TRIZETTO#NqK3E
2022-12-27,908.83,1367.7,TRIZETTO#NqK3E
2022-12-28,607.15,629.15,TRIZETTO#NqK3E
2022-12-29,535.0,269.73,TRIZETTO#NqK3E
2022-12-30,100.0,370.0,TRIZETTO#NqK3E
2022-12-31,0.0,0.0,TRIZETTO#NqK3E
2023-01-01,0.0,0.0,TRIZETTO#NqK3E
2023-01-02,0.0,0.0,TRIZETTO#NqK3E
2023-01-03,294.8,1017.01,TRIZETTO#NqK3E
2023-01-04,0.0,229.0,TRIZETTO#NqK3E
2023-01-05,0.0,0.0,TRIZETTO#NqK3E
2023-01-06,1200.0,49.29,TRIZETTO#NqK3E
2023-01-07,0.0,0.0,TRIZETTO#NqK3E
2023-01-08,0.0,0.0,TRIZETTO#NqK3E
2023-01-09,700.0,720.39,TRIZETTO#NqK3E
2023-01-10,125.0,445.46000000000004,TRIZETTO#NqK3E
2023-01-11,546.0,253.36,TRIZETTO#NqK3E
2023-01-12,462.01,547.14,TRIZETTO#NqK3E
2023-01-13,2434.74,2424.37,TRIZETTO#NqK3E
2023-01-14,0.0,0.0,TRIZETTO#NqK3E
2023-01-15,0.0,0.0,TRIZETTO#NqK3E
2023-01-16,0.0,0.0,TRIZETTO#NqK3E
2023-01-17,746.6,769.05,TRIZETTO#NqK3E
2023-01-18,0.0,314.01,TRIZETTO#NqK3E
2023-01-19,1535.0,395.0,TRIZETTO#NqK3E
2023-01-20,605.0,1647.02,TRIZETTO#NqK3E
2023-01-21,0.0,0.0,TRIZETTO#NqK3E
2023-01-22,0.0,0.0,TRIZETTO#NqK3E
2023-01-23,434.0,389.94,TRIZETTO#NqK3E
2023-01-24,65.0,22.0,TRIZETTO#NqK3E
2023-01-25,485.0,465.0,TRIZETTO#NqK3E
2023-01-26,719.0,695.8599999999999,TRIZETTO#NqK3E
2023-01-27,1235.0,1356.37,TRIZETTO#NqK3E
2023-01-28,0.0,0.0,TRIZETTO#NqK3E
2023-01-29,0.0,0.0,TRIZETTO#NqK3E
2023-01-30,500.0,588.26,TRIZETTO#NqK3E
2023-01-31,2262.0,0.0,TRIZETTO#NqK3E
2023-02-01,0.0,25.51,TRIZETTO#NqK3E
2023-02-02,1230.0,2959.44,TRIZETTO#NqK3E
2023-02-03,920.0,1251.65,TRIZETTO#NqK3E
2023-02-04,0.0,0.0,TRIZETTO#NqK3E
2023-02-05,0.0,0.0,TRIZETTO#NqK3E
2023-02-06,244.0,342.78,TRIZETTO#NqK3E
2023-02-07,309.35,0.0,TRIZETTO#NqK3E
2023-02-08,35.0,222.98,TRIZETTO#NqK3E
2023-02-09,865.0,626.99,TRIZETTO#NqK3E
2023-02-10,1996.62,1539.1399999999999,TRIZETTO#NqK3E
2023-02-11,0.0,0.0,TRIZETTO#NqK3E
2023-02-12,0.0,0.0,TRIZETTO#NqK3E
2023-02-13,494.0,1325.32,TRIZETTO#NqK3E
2023-02-14,202.0,202.0,TRIZETTO#NqK3E
2023-02-15,223.38,0.0,TRIZETTO#NqK3E
2023-02-16,2525.0,1450.0,TRIZETTO#NqK3E
2023-02-17,1745.27,2571.4700000000003,TRIZETTO#NqK3E
2023-02-18,0.0,0.0,TRIZETTO#NqK3E
2023-02-19,0.0,0.0,TRIZETTO#NqK3E
2023-02-20,0.0,0.0,TRIZETTO#NqK3E
2023-02-21,1517.0,1929.8,TRIZETTO#NqK3E
2023-02-22,0.0,41.56,TRIZETTO#NqK3E
2023-02-23,3155.0,2410.53,TRIZETTO#NqK3E
2023-02-24,1075.0,1563.0,TRIZETTO#NqK3E
2023-02-25,0.0,0.0,TRIZETTO#NqK3E
2023-02-26,0.0,0.0,TRIZETTO#NqK3E
2023-02-27,426.25,508.39,TRIZETTO#NqK3E
2023-02-28,0.0,15.0,TRIZETTO#NqK3E
2023-03-01,23.64,284.32,TRIZETTO#NqK3E
2023-03-02,2300.0,1696.65,TRIZETTO#NqK3E
2023-03-03,1170.0,1448.8899999999999,TRIZETTO#NqK3E
2023-03-04,0.0,0.0,TRIZETTO#NqK3E
2023-03-05,0.0,0.0,TRIZETTO#NqK3E
2023-03-06,813.1600000000001,637.0,TRIZETTO#NqK3E
2023-03-07,315.0,700.0,TRIZETTO#NqK3E
2023-03-08,250.0,275.0,TRIZETTO#NqK3E
2023-03-09,2525.0,2100.0,TRIZETTO#NqK3E
2023-03-10,1685.0,1959.02,TRIZETTO#NqK3E
2023-03-11,0.0,0.0,TRIZETTO#NqK3E
2023-03-12,0.0,0.0,TRIZETTO#NqK3E
2023-03-13,1122.87,637.13,TRIZETTO#NqK3E
2023-03-14,0.0,555.0,TRIZETTO#NqK3E
2023-03-15,0.0,21.36,TRIZETTO#NqK3E
2023-03-16,753.11,473.73,TRIZETTO#NqK3E
2023-03-17,1870.0,708.47,TRIZETTO#NqK3E
2023-03-18,0.0,0.0,TRIZETTO#NqK3E
2023-03-19,0.0,0.0,TRIZETTO#NqK3E
2023-03-20,1030.0,3067.45,TRIZETTO#NqK3E
2023-03-21,333.72,431.0,TRIZETTO#NqK3E
2023-03-22,0.0,233.41,TRIZETTO#NqK3E
2023-03-23,13137.0,0.0,TRIZETTO#NqK3E
2023-03-24,2320.0,1400.0,TRIZETTO#NqK3E
2023-03-25,0.0,0.0,TRIZETTO#NqK3E
2023-03-26,0.0,0.0,TRIZETTO#NqK3E
2023-03-27,0.0,621.52,TRIZETTO#NqK3E
2023-03-28,767.51,13530.98,TRIZETTO#NqK3E
2023-03-29,431.0,240.67000000000002,TRIZETTO#NqK3E
2023-03-30,1444.0,840.0,TRIZETTO#NqK3E
2023-03-31,2490.0,1650.0,TRIZETTO#NqK3E
2023-04-01,0.0,0.0,TRIZETTO#NqK3E
2023-04-02,0.0,0.0,TRIZETTO#NqK3E
2023-04-03,3147.1,4115.45,TRIZETTO#NqK3E
2023-04-04,247.22,610.0,TRIZETTO#NqK3E
2023-04-05,0.0,44.91,TRIZETTO#NqK3E
2023-04-06,3902.0,350.93,TRIZETTO#NqK3E
2023-04-07,834.0699999999999,4343.37,TRIZETTO#NqK3E
2023-04-08,0.0,0.0,TRIZETTO#NqK3E
2023-04-09,0.0,0.0,TRIZETTO#NqK3E
2023-04-10,857.8499999999999,713.61,TRIZETTO#NqK3E
2023-04-11,40.0,224.11,TRIZETTO#NqK3E
2023-04-12,544.76,331.82,TRIZETTO#NqK3E
2023-04-13,0.0,533.68,TRIZETTO#NqK3E
2023-04-14,2900.0,2499.03,TRIZETTO#NqK3E
2023-04-15,0.0,0.0,TRIZETTO#NqK3E
2023-04-16,0.0,0.0,TRIZETTO#NqK3E
2023-04-17,345.0,727.72,TRIZETTO#NqK3E
2023-04-18,974.0,0.0,TRIZETTO#NqK3E
2023-04-19,947.0,1632.78,TRIZETTO#NqK3E
2023-04-20,15780.0,14130.0,TRIZETTO#NqK3E
2023-04-21,425.0,1051.16,TRIZETTO#NqK3E
2023-04-22,0.0,0.0,TRIZETTO#NqK3E
2023-04-23,0.0,0.0,TRIZETTO#NqK3E
2023-04-24,35.32,1359.02,TRIZETTO#NqK3E
2023-04-25,0.0,0.0,TRIZETTO#NqK3E
2023-04-26,0.0,52.39,TRIZETTO#NqK3E
2023-04-27,429.27,76.01,TRIZETTO#NqK3E
2023-04-28,8260.36,8245.0,TRIZETTO#NqK3E
2023-04-29,0.0,0.0,TRIZETTO#NqK3E
2023-04-30,0.0,0.0,TRIZETTO#NqK3E
2023-05-01,813.28,713.02,TRIZETTO#NqK3E
2023-05-02,0.0,4.58,TRIZETTO#NqK3E
2023-05-03,0.0,382.65,TRIZETTO#NqK3E
2023-05-04,2494.0,1785.88,TRIZETTO#NqK3E
2023-05-05,258.72,660.0,TRIZETTO#NqK3E
2023-05-06,0.0,0.0,TRIZETTO#NqK3E
2023-05-07,0.0,0.0,TRIZETTO#NqK3E
2023-05-08,2679.44,315.19,TRIZETTO#NqK3E
2023-05-09,500.0,529.97,TRIZETTO#NqK3E
2023-05-10,2112.0,3409.02,TRIZETTO#NqK3E
2023-05-11,1940.0,1861.53,TRIZETTO#NqK3E
2023-05-12,1909.44,2271.8199999999997,TRIZETTO#NqK3E
2023-05-13,0.0,0.0,TRIZETTO#NqK3E
2023-05-14,0.0,0.0,TRIZETTO#NqK3E
2023-05-15,0.0,536.8299999999999,TRIZETTO#NqK3E
2023-05-16,0.0,384.64,TRIZETTO#NqK3E
2023-05-17,1620.0,557.81,TRIZETTO#NqK3E
2023-05-18,3600.0,518.0,TRIZETTO#NqK3E
2023-05-19,940.0,1182.78,TRIZETTO#NqK3E
2023-05-20,0.0,0.0,TRIZETTO#NqK3E
2023-05-21,0.0,0.0,TRIZETTO#NqK3E
2023-05-22,0.0,4263.6,TRIZETTO#NqK3E
2023-05-23,0.0,0.0,TRIZETTO#NqK3E
2023-05-24,440.0,0.0,TRIZETTO#NqK3E
2023-05-25,937.7,427.0,TRIZETTO#NqK3E
2023-05-26,0.0,519.9,TRIZETTO#NqK3E
2023-05-27,0.0,0.0,TRIZETTO#NqK3E
2023-05-28,0.0,0.0,TRIZETTO#NqK3E
2023-05-29,0.0,0.0,TRIZETTO#NqK3E
2023-05-30,942.0,262.18,TRIZETTO#NqK3E
2023-05-31,0.0,650.0,TRIZETTO#NqK3E
2023-06-01,1717.0,1735.0,TRIZETTO#NqK3E
2023-06-02,0.0,0.0,TRIZETTO#NqK3E
2023-06-03,0.0,0.0,TRIZETTO#NqK3E
2023-06-04,0.0,0.0,TRIZETTO#NqK3E
2023-06-05,460.0,421.65,TRIZETTO#NqK3E
2023-06-06,99.3,140.0,TRIZETTO#NqK3E
2023-06-07,0.0,0.0,TRIZETTO#NqK3E
2023-06-08,1400.0,550.0,TRIZETTO#NqK3E
2023-06-09,889.0,1218.3,TRIZETTO#NqK3E
2023-06-10,0.0,0.0,TRIZETTO#NqK3E
2023-06-11,0.0,0.0,TRIZETTO#NqK3E
2023-06-12,120.0,807.05,TRIZETTO#NqK3E
2023-06-13,481.8,310.0,TRIZETTO#NqK3E
2023-06-14,774.0,780.0,TRIZETTO#NqK3E
2023-06-15,930.0,140.0,TRIZETTO#NqK3E
2023-06-16,0.0,790.0,TRIZETTO#NqK3E
2023-06-17,0.0,0.0,TRIZETTO#NqK3E
2023-06-18,0.0,0.0,TRIZETTO#NqK3E
2023-06-19,0.0,0.0,TRIZETTO#NqK3E
2023-06-20,90.0,970.27,TRIZETTO#NqK3E
2023-06-21,526.64,0.0,TRIZETTO#NqK3E
2023-06-22,21.28,0.0,TRIZETTO#NqK3E
2023-06-23,936.9300000000001,609.0,TRIZETTO#NqK3E
2023-06-24,0.0,0.0,TRIZETTO#NqK3E
2023-06-25,0.0,0.0,TRIZETTO#NqK3E
2023-06-26,1698.0,1688.29,TRIZETTO#NqK3E
2023-06-27,245.0,175.62,TRIZETTO#NqK3E
2023-06-28,200.0,97.01,TRIZETTO#NqK3E
2023-06-29,2033.0,1607.54,TRIZETTO#NqK3E
2023-06-30,3612.66,1400.0,TRIZETTO#NqK3E
2023-07-01,0.0,0.0,TRIZETTO#NqK3E
2023-07-02,0.0,0.0,TRIZETTO#NqK3E
2023-07-03,946.14,3954.53,TRIZETTO#NqK3E
2023-07-04,0.0,0.0,TRIZETTO#NqK3E
2023-07-05,585.31,632.0,TRIZETTO#NqK3E
2023-07-06,4680.0,3550.0,TRIZETTO#NqK3E
2023-07-07,1390.0,2250.0,TRIZETTO#NqK3E
2023-07-08,0.0,0.0,TRIZETTO#NqK3E
2023-07-09,0.0,0.0,TRIZETTO#NqK3E
2023-07-10,0.0,350.69,TRIZETTO#NqK3E
2023-07-11,0.0,83.33,TRIZETTO#NqK3E
2023-07-12,180.0,67.82,TRIZETTO#NqK3E
2023-07-13,3085.0,1220.0,TRIZETTO#NqK3E
2023-07-14,1825.0,3360.0,TRIZETTO#NqK3E
2023-07-15,0.0,0.0,TRIZETTO#NqK3E
2023-07-16,0.0,0.0,TRIZETTO#NqK3E
2023-07-17,93.32,713.3199999999999,TRIZETTO#NqK3E
2023-07-18,0.0,0.0,TRIZETTO#NqK3E
2023-07-19,825.0,232.78,TRIZETTO#NqK3E
2023-07-20,2800.0,1820.0,TRIZETTO#NqK3E
2023-07-21,1223.0,2193.72,TRIZETTO#NqK3E
2023-07-22,0.0,0.0,TRIZETTO#NqK3E
2023-07-23,0.0,0.0,TRIZETTO#NqK3E
2023-07-24,184.0,301.39,TRIZETTO#NqK3E
2023-07-25,1540.0,1400.0,TRIZETTO#NqK3E
2023-07-26,0.0,16.39,TRIZETTO#NqK3E
2023-07-27,2500.0,2500.0,TRIZETTO#NqK3E
2023-07-28,1740.0,1350.0,TRIZETTO#NqK3E
2023-07-29,0.0,0.0,TRIZETTO#NqK3E
2023-07-30,0.0,0.0,TRIZETTO#NqK3E
2023-07-31,338.0,680.96,TRIZETTO#NqK3E
2023-08-01,125.0,44.2,TRIZETTO#NqK3E
2023-08-02,1037.0,552.79,TRIZETTO#NqK3E
2023-08-03,1649.0,1373.34,TRIZETTO#NqK3E
2023-08-04,2371.0,3150.0,TRIZETTO#NqK3E
2023-08-05,0.0,0.0,TRIZETTO#NqK3E
2023-08-06,0.0,0.0,TRIZETTO#NqK3E
2023-08-07,0.0,400.5,TRIZETTO#NqK3E
2023-08-08,279.0,0.0,TRIZETTO#NqK3E
2023-08-09,514.0,350.0,TRIZETTO#NqK3E
2023-08-10,2550.0,1109.02,TRIZETTO#NqK3E
2023-08-11,1260.0,2680.23,TRIZETTO#NqK3E
2023-08-12,0.0,0.0,TRIZETTO#NqK3E
2023-08-13,0.0,0.0,TRIZETTO#NqK3E
2023-08-14,1908.92,423.06,TRIZETTO#NqK3E
2023-08-15,113.64,1600.0,TRIZETTO#NqK3E
2023-08-16,384.0,0.0,TRIZETTO#NqK3E
2023-08-17,3200.0,3204.41,TRIZETTO#NqK3E
2023-08-18,910.0,1425.0,TRIZETTO#NqK3E
2023-08-19,0.0,0.0,TRIZETTO#NqK3E
2023-08-20,0.0,0.0,TRIZETTO#NqK3E
2023-08-21,1327.0,1570.78,TRIZETTO#NqK3E
2023-08-22,1421.34,0.0,TRIZETTO#NqK3E
2023-08-23,1393.21,0.0,TRIZETTO#NqK3E
2023-08-24,3145.0,2551.25,TRIZETTO#NqK3E
2023-08-25,545.0,600.0,TRIZETTO#NqK3E
2023-08-26,314.48,0.0,TRIZETTO#NqK3E
2023-08-27,0.0,0.0,TRIZETTO#NqK3E
2023-08-28,1908.84,1108.69,TRIZETTO#NqK3E
2023-08-29,345.94000000000005,25.18,TRIZETTO#NqK3E
2023-08-30,386.33,90.05,TRIZETTO#NqK3E
2023-08-31,1976.21,750.0,TRIZETTO#NqK3E
2023-09-01,1308.3899999999999,1250.0,TRIZETTO#NqK3E
2023-09-02,62.72,0.0,TRIZETTO#NqK3E
2023-09-03,230.14,0.0,TRIZETTO#NqK3E
2023-09-04,110.18,0.0,TRIZETTO#NqK3E
2023-09-05,1369.78,1093.68,TRIZETTO#NqK3E
2023-09-06,1637.42,1085.0,TRIZETTO#NqK3E
2023-09-07,4621.27,2150.0,TRIZETTO#NqK3E
2023-09-08,0.0,939.0,TRIZETTO#NqK3E
2023-09-09,0.0,0.0,TRIZETTO#NqK3E
2023-09-10,0.0,0.0,TRIZETTO#NqK3E
2023-09-11,654.47,246.02,TRIZETTO#NqK3E
2023-09-12,363.27,391.73,TRIZETTO#NqK3E
2023-09-13,1284.81,0.0,TRIZETTO#NqK3E
2023-09-14,98.0,264.39,TRIZETTO#NqK3E
2023-09-15,4689.67,2700.0,TRIZETTO#NqK3E
2023-09-16,267.47,0.0,TRIZETTO#NqK3E
2023-09-17,0.0,0.0,TRIZETTO#NqK3E
2023-09-18,2708.8,2829.41,TRIZETTO#NqK3E
2023-09-19,0.0,68.78,TRIZETTO#NqK3E
2023-09-20,389.56,166.0,TRIZETTO#NqK3E
2023-09-21,5030.3,2520.0,TRIZETTO#NqK3E
2023-09-22,3603.85,2100.0,TRIZETTO#NqK3E
2023-09-23,199.14,0.0,TRIZETTO#NqK3E
2023-09-24,0.0,0.0,TRIZETTO#NqK3E
2023-09-25,744.0,655.03,TRIZETTO#NqK3E
2023-09-26,1575.76,191.85,TRIZETTO#NqK3E
2023-09-27,521.28,182.76,TRIZETTO#NqK3E
2023-09-28,6721.78,5250.0,TRIZETTO#NqK3E
2023-09-29,760.0,825.18,TRIZETTO#NqK3E
2023-09-30,1153.18,0.0,TRIZETTO#NqK3E
2023-10-01,0.0,0.0,TRIZETTO#NqK3E
2023-10-02,2788.19,3004.79,TRIZETTO#NqK3E
2023-10-03,4084.2000000000003,233.0,TRIZETTO#NqK3E
2023-10-04,646.83,370.0,TRIZETTO#NqK3E
2023-10-05,1466.4,30.35,TRIZETTO#NqK3E
2023-10-06,408.0,1029.47,TRIZETTO#NqK3E
2023-10-07,292.86,0.0,TRIZETTO#NqK3E
2023-10-08,0.0,0.0,TRIZETTO#NqK3E
2023-10-09,62.72,0.0,TRIZETTO#NqK3E
2023-10-10,3887.18,981.98,TRIZETTO#NqK3E
2023-10-11,2516.13,3791.38,TRIZETTO#NqK3E
2023-10-12,2100.0,1448.23,TRIZETTO#NqK3E
2023-10-13,1426.0,2150.0,TRIZETTO#NqK3E
2023-10-14,0.0,0.0,TRIZETTO#NqK3E
2023-10-15,0.0,0.0,TRIZETTO#NqK3E
2023-10-16,413.22,688.28,TRIZETTO#NqK3E
2023-10-17,554.35,0.0,TRIZETTO#NqK3E
2023-10-18,1975.5299999999997,0.0,TRIZETTO#NqK3E
2023-10-19,610.0,32.78,TRIZETTO#NqK3E
2023-10-20,2655.0,2880.0,TRIZETTO#NqK3E
2023-10-21,0.0,0.0,TRIZETTO#NqK3E
2023-10-22,1254.12,0.0,TRIZETTO#NqK3E
2023-10-23,1172.3600000000001,273.0,TRIZETTO#NqK3E
2023-10-24,2344.68,800.0,TRIZETTO#NqK3E
2023-10-25,733.97,400.0,TRIZETTO#NqK3E
2023-10-26,2290.0,2137.13,TRIZETTO#NqK3E
2023-10-27,0.0,202.13,TRIZETTO#NqK3E
2023-10-28,0.0,0.0,TRIZETTO#NqK3E
2023-10-29,0.0,0.0,TRIZETTO#NqK3E
2023-10-30,1827.94,1112.18,TRIZETTO#NqK3E
2023-10-31,1152.58,0.0,TRIZETTO#NqK3E
2023-11-01,1350.36,30.0,TRIZETTO#NqK3E
2023-11-02,3545.87,2789.47,TRIZETTO#NqK3E
2023-11-03,1543.0,1258.71,TRIZETTO#NqK3E
2023-11-04,92.67,0.0,TRIZETTO#NqK3E
2023-11-05,62.72,0.0,TRIZETTO#NqK3E
2023-11-06,643.81,1221.6599999999999,TRIZETTO#NqK3E
2023-11-07,1973.0700000000002,45.0,TRIZETTO#NqK3E
2023-11-08,2279.8900000000003,312.03,TRIZETTO#NqK3E
2023-11-09,6587.33,1600.0,TRIZETTO#NqK3E
2023-11-10,90.0,1884.03,TRIZETTO#NqK3E
2023-11-11,0.0,0.0,TRIZETTO#NqK3E
2023-11-12,0.0,0.0,TRIZETTO#NqK3E
2023-11-13,425.47,3687.7799999999997,TRIZETTO#NqK3E
2023-11-14,386.22,0.0,TRIZETTO#NqK3E
2023-11-15,2070.82,120.0,TRIZETTO#NqK3E
2023-11-16,4320.51,816.9300000000001,TRIZETTO#NqK3E
2023-11-17,3627.0,3966.66,TRIZETTO#NqK3E
2023-11-18,283.31,0.0,TRIZETTO#NqK3E
2023-11-19,0.0,0.0,TRIZETTO#NqK3E
2023-11-20,2180.2,2382.1299999999997,TRIZETTO#NqK3E
2023-11-21,412.58,280.0,TRIZETTO#NqK3E
2023-11-22,2190.0,1900.0,TRIZETTO#NqK3E
2023-11-23,273.07,0.0,TRIZETTO#NqK3E
2023-11-24,466.05,600.0,TRIZETTO#NqK3E
2023-11-25,228.27,0.0,TRIZETTO#NqK3E
2023-11-26,0.0,0.0,TRIZETTO#NqK3E
2023-11-27,275.35,391.98,TRIZETTO#NqK3E
2023-11-28,2431.39,0.0,TRIZETTO#NqK3E
2023-11-29,483.4,25.18,TRIZETTO#NqK3E
2023-11-30,0.0,405.0,TRIZETTO#NqK3E
2023-12-01,0.0,0.0,TRIZETTO#NqK3E
2023-12-02,0.0,0.0,TRIZETTO#NqK3E
2023-12-03,0.0,0.0,TRIZETTO#NqK3E
2023-12-04,2247.8199999999997,727.75,TRIZETTO#NqK3E
2023-12-05,1332.52,572.0,TRIZETTO#NqK3E
2023-12-06,4222.02,2550.0,TRIZETTO#NqK3E
2023-12-07,297.43,40.0,TRIZETTO#NqK3E
2023-12-08,476.67,385.0,TRIZETTO#NqK3E
2023-12-09,62.72,0.0,TRIZETTO#NqK3E
2023-12-10,0.0,0.0,TRIZETTO#NqK3E
2023-12-11,538.25,266.37,TRIZETTO#NqK3E
2023-12-12,1818.0200000000002,51.519999999999996,TRIZETTO#NqK3E
2023-12-13,84.75,317.25,TRIZETTO#NqK3E
2023-12-14,757.0,0.0,TRIZETTO#NqK3E
2023-12-15,2114.85,2368.29,TRIZETTO#NqK3E
2023-12-16,0.0,0.0,TRIZETTO#NqK3E
2023-12-17,0.0,0.0,TRIZETTO#NqK3E
2023-12-18,770.77,852.11,TRIZETTO#NqK3E
2023-12-19,1719.28,68.78,TRIZETTO#NqK3E
2023-12-20,1333.53,0.0,TRIZETTO#NqK3E
2023-12-21,3890.0,2530.0,TRIZETTO#NqK3E
2023-12-22,2850.18,3218.0,TRIZETTO#NqK3E
2023-12-23,385.53,0.0,TRIZETTO#NqK3E
2023-12-24,0.0,0.0,TRIZETTO#NqK3E
2023-12-25,0.0,0.0,TRIZETTO#NqK3E
2023-12-26,0.0,1280.85,TRIZETTO#NqK3E
2023-12-27,1950.15,182.33,TRIZETTO#NqK3E
2023-12-28,2341.0,950.0,TRIZETTO#NqK3E
2023-12-29,217.04,635.18,TRIZETTO#NqK3E
2023-12-30,119.96,0.0,TRIZETTO#NqK3E
2023-12-31,0.0,0.0,TRIZETTO#NqK3E
2024-01-01,0.0,0.0,TRIZETTO#NqK3E
2024-01-02,1428.37,907.4200000000001,TRIZETTO#NqK3E
2024-01-03,1730.3,235.0,TRIZETTO#NqK3E
2024-01-04,0.0,77.0,TRIZETTO#NqK3E
2024-01-05,55.87,70.65,TRIZETTO#NqK3E
2024-01-06,92.67,0.0,TRIZETTO#NqK3E
2024-01-07,0.0,0.0,TRIZETTO#NqK3E
2024-01-08,405.0,248.66,TRIZETTO#NqK3E
2024-01-09,2211.14,40.32,TRIZETTO#NqK3E
2024-01-10,3773.52,209.02,TRIZETTO#NqK3E
2024-01-11,2715.0,2698.78,TRIZETTO#NqK3E
2024-01-12,1992.49,1853.6599999999999,TRIZETTO#NqK3E
2024-01-13,0.0,0.0,TRIZETTO#NqK3E
2024-01-14,0.0,0.0,TRIZETTO#NqK3E
2024-01-15,0.0,0.0,TRIZETTO#NqK3E
2024-01-16,251.1,678.34,TRIZETTO#NqK3E
2024-01-17,1228.4299999999998,523.19,TRIZETTO#NqK3E
2024-01-18,336.0,648.26,TRIZETTO#NqK3E
2024-01-19,476.39,352.78,TRIZETTO#NqK3E
2024-01-20,107.0,0.0,TRIZETTO#NqK3E
2024-01-21,0.0,0.0,TRIZETTO#NqK3E
2024-01-22,664.28,506.27,TRIZETTO#NqK3E
2024-01-23,5548.03,426.32,TRIZETTO#NqK3E
2024-01-24,1228.04,382.8,TRIZETTO#NqK3E
2024-01-25,1482.51,1099.28,TRIZETTO#NqK3E
2024-01-26,1576.0,5943.63,TRIZETTO#NqK3E
2024-01-27,0.0,0.0,TRIZETTO#NqK3E
2024-01-28,0.0,0.0,TRIZETTO#NqK3E
2024-01-29,177.1,1189.34,TRIZETTO#NqK3E
2024-01-30,775.83,315.28,TRIZETTO#NqK3E
2024-01-31,2626.88,1747.46,TRIZETTO#NqK3E
2024-02-01,1070.0,1053.92,TRIZETTO#NqK3E
2024-02-02,541.0,1217.0,TRIZETTO#NqK3E
2024-02-03,0.0,0.0,TRIZETTO#NqK3E
2024-02-04,0.0,0.0,TRIZETTO#NqK3E
2024-02-05,355.93,555.81,TRIZETTO#NqK3E
2024-02-06,1767.44,0.0,TRIZETTO#NqK3E
2024-02-07,1645.26,600.0,TRIZETTO#NqK3E
2024-02-08,2218.0,1692.4,TRIZETTO#NqK3E
2024-02-09,1788.58,1364.1100000000001,TRIZETTO#NqK3E
2024-02-10,0.0,0.0,TRIZETTO#NqK3E
2024-02-11,0.0,0.0,TRIZETTO#NqK3E
2024-02-12,692.06,1533.51,TRIZETTO#NqK3E
2024-02-13,2235.04,535.89,TRIZETTO#NqK3E
2024-02-14,1223.2,340.0,TRIZETTO#NqK3E
2024-02-15,4449.9,2200.0,TRIZETTO#NqK3E
2024-02-16,673.0,1223.1,TRIZETTO#NqK3E
2024-02-17,0.0,0.0,TRIZETTO#NqK3E
2024-02-18,12.56,662.14,TRIZETTO#NqK3E
2024-02-19,370.52,145.0,TRIZETTO#NqK3E
2024-02-20,673.37,1612.18,TRIZETTO#NqK3E
2024-02-21,310.75,0.0,TRIZETTO#NqK3E
2024-02-22,1866.8600000000001,0.0,TRIZETTO#NqK3E
2024-02-23,6579.12,5860.02,TRIZETTO#NqK3E
2024-02-24,78.4,0.0,TRIZETTO#NqK3E
2024-02-25,56.53,68.84,TRIZETTO#NqK3E
2024-02-26,1212.83,1051.12,TRIZETTO#NqK3E
2024-02-27,1893.58,858.94,TRIZETTO#NqK3E
2024-02-28,810.0,1400.0,TRIZETTO#NqK3E
2024-02-29,0.0,50.36,TRIZETTO#NqK3E
2024-03-01,16361.92,13088.89,TRIZETTO#NqK3E
2024-03-02,0.0,759.9200000000001,TRIZETTO#NqK3E
2024-03-03,0.0,0.0,TRIZETTO#NqK3E
2024-03-04,707.76,7103.4400000000005,TRIZETTO#NqK3E
2024-03-05,5505.78,606.22,TRIZETTO#NqK3E
2024-03-06,2950.38,0.0,TRIZETTO#NqK3E
2024-03-07,5532.0,783.66,TRIZETTO#NqK3E
2024-03-08,2758.1,7446.75,TRIZETTO#NqK3E
2024-03-09,115.50999999999999,205.76999999999998,TRIZETTO#NqK3E
2024-03-10,0.0,0.0,TRIZETTO#NqK3E
2024-03-11,1537.8,3056.29,TRIZETTO#NqK3E
2024-03-12,5782.61,1598.59,TRIZETTO#NqK3E
2024-03-13,279.26,2493.0699999999997,TRIZETTO#NqK3E
2024-03-14,1941.3000000000002,1004.51,TRIZETTO#NqK3E
2024-03-15,3452.0,3762.34,TRIZETTO#NqK3E
2024-03-16,77.55,0.0,TRIZETTO#NqK3E
2024-03-17,0.0,0.0,TRIZETTO#NqK3E
2024-03-18,761.1700000000001,4931.69,TRIZETTO#NqK3E
2024-03-19,1189.03,1000.29,TRIZETTO#NqK3E
2024-03-20,1620.76,809.69,TRIZETTO#NqK3E
2024-03-21,3441.53,1191.25,TRIZETTO#NqK3E
2024-03-22,3616.7200000000003,4554.58,TRIZETTO#NqK3E
2024-03-23,439.2,2050.0,TRIZETTO#NqK3E
2024-03-24,169.92000000000002,96.53999999999999,TRIZETTO#NqK3E
2024-03-25,799.65,3116.44,TRIZETTO#NqK3E
2024-03-26,1039.97,977.45,TRIZETTO#NqK3E
2024-03-27,6953.59,4750.26,TRIZETTO#NqK3E
2024-03-28,3802.7200000000003,2626.17,TRIZETTO#NqK3E
2024-03-29,3832.1499999999996,4668.62,TRIZETTO#NqK3E
2024-03-30,154.36,0.0,TRIZETTO#NqK3E
2024-03-31,718.43,905.81,TRIZETTO#NqK3E
2024-04-01,1104.1299999999999,1645.8899999999999,TRIZETTO#NqK3E
2024-04-02,934.21,1638.94,TRIZETTO#NqK3E
2024-04-03,1240.0,47.0,TRIZETTO#NqK3E
2024-04-04,807.0,800.0,TRIZETTO#NqK3E
2024-04-05,10784.45,5869.95,TRIZETTO#NqK3E
2024-04-06,699.0,4763.24,TRIZETTO#NqK3E
2024-04-07,0.0,0.0,TRIZETTO#NqK3E
2024-04-08,1234.27,5630.139999999999,TRIZETTO#NqK3E
2024-04-09,697.08,376.32,TRIZETTO#NqK3E
2024-04-10,3516.89,0.0,TRIZETTO#NqK3E
2024-04-11,2333.2,3812.4700000000003,TRIZETTO#NqK3E
2024-04-12,0.0,0.0,TRIZETTO#NqK3E
2024-04-13,193.85,0.0,TRIZETTO#NqK3E
2024-04-14,0.0,0.0,TRIZETTO#NqK3E
2024-04-15,476.66999999999996,0.0,TRIZETTO#NqK3E
2024-04-16,561.82,0.0,TRIZETTO#NqK3E
2024-04-17,0.0,0.0,TRIZETTO#NqK3E
2024-04-18,184.04,0.0,TRIZETTO#NqK3E
2024-04-19,380.56,0.0,TRIZETTO#NqK3E
2024-04-20,172.9,0.0,TRIZETTO#NqK3E
2024-04-21,0.0,0.0,TRIZETTO#NqK3E
2024-04-22,372.61,0.0,TRIZETTO#NqK3E
2024-04-23,237.56,0.0,TRIZETTO#NqK3E
2024-04-24,108.77,0.0,TRIZETTO#NqK3E
2024-04-25,204.32,0.0,TRIZETTO#NqK3E
2024-04-26,0.0,0.0,TRIZETTO#NqK3E
2024-04-27,0.0,0.0,TRIZETTO#NqK3E
2024-04-28,0.0,0.0,TRIZETTO#NqK3E
2024-04-29,108.24,0.0,TRIZETTO#NqK3E
2024-04-30,982.75,0.0,TRIZETTO#NqK3E
2024-05-01,250.53,0.0,TRIZETTO#NqK3E
2024-05-02,84.64,0.0,TRIZETTO#NqK3E
2024-05-03,311.92,0.0,TRIZETTO#NqK3E
2024-05-04,0.0,0.0,TRIZETTO#NqK3E
2024-05-05,0.0,0.0,TRIZETTO#NqK3E
2024-05-06,1384.37,0.0,TRIZETTO#NqK3E
2024-05-07,695.29,0.0,TRIZETTO#NqK3E
2024-05-08,1103.1599999999999,0.0,TRIZETTO#NqK3E
2024-05-09,1194.4899999999998,0.0,TRIZETTO#NqK3E
2024-05-10,0.0,0.0,TRIZETTO#NqK3E
2024-05-11,0.0,0.0,TRIZETTO#NqK3E
2024-05-12,0.0,0.0,TRIZETTO#NqK3E
2024-05-13,252.34,0.0,TRIZETTO#NqK3E
2024-05-14,718.09,0.0,TRIZETTO#NqK3E
2024-05-15,154.36,0.0,TRIZETTO#NqK3E
2024-05-16,120.87,61.0,TRIZETTO#NqK3E
2024-05-17,0.0,520.71,TRIZETTO#NqK3E
2024-05-18,0.0,0.0,TRIZETTO#NqK3E
2024-05-19,0.0,0.0,TRIZETTO#NqK3E
2024-05-20,1780.07,576.64,TRIZETTO#NqK3E
2024-05-21,339.17,0.0,TRIZETTO#NqK3E
2024-05-22,497.90999999999997,0.0,TRIZETTO#NqK3E
2024-05-23,2438.68,1700.0,TRIZETTO#NqK3E
2024-05-24,0.0,40.0,TRIZETTO#NqK3E
2024-05-25,68.26,0.0,TRIZETTO#NqK3E
2024-05-26,0.0,0.0,TRIZETTO#NqK3E
2024-05-27,78.4,0.0,TRIZETTO#NqK3E
2024-05-28,811.71,300.97,TRIZETTO#NqK3E
2024-05-29,123.64,343.0,TRIZETTO#NqK3E
2024-05-30,33.45,0.0,TRIZETTO#NqK3E
2024-05-31,68.65,0.0,TRIZETTO#NqK3E
2024-06-01,244.39999999999998,0.0,TRIZETTO#NqK3E
2024-06-02,0.0,0.0,TRIZETTO#NqK3E
2024-06-03,4525.78,4052.84,TRIZETTO#NqK3E
2024-06-04,854.02,400.0,TRIZETTO#NqK3E
2024-06-05,1286.1,0.0,TRIZETTO#NqK3E
2024-06-06,1593.18,1200.0,TRIZETTO#NqK3E
2024-06-07,112.47,0.0,TRIZETTO#NqK3E
2024-06-08,201.44,0.0,TRIZETTO#NqK3E
2024-06-09,0.0,0.0,TRIZETTO#NqK3E
2024-06-10,274.13,19.98,TRIZETTO#NqK3E
2024-06-11,534.88,400.0,TRIZETTO#NqK3E
2024-06-12,2393.8,285.26,TRIZETTO#NqK3E
2024-06-13,84.64,310.0,TRIZETTO#NqK3E
2024-06-14,6279.42,6068.0,TRIZETTO#NqK3E
2024-06-15,1635.0,1648.67,TRIZETTO#NqK3E
2024-06-16,0.0,0.0,TRIZETTO#NqK3E
2024-06-17,2883.55,1648.67,TRIZETTO#NqK3E
2024-06-18,2995.38,1087.6599999999999,TRIZETTO#NqK3E
2024-06-19,62.72,0.0,TRIZETTO#NqK3E
2024-06-20,10660.0,9100.880000000001,TRIZETTO#NqK3E
2024-06-21,100.0,1680.52,TRIZETTO#NqK3E
2024-06-22,319.73,0.0,TRIZETTO#NqK3E
2024-06-23,0.0,0.0,TRIZETTO#NqK3E
2024-06-24,997.85,665.56,TRIZETTO#NqK3E
2024-06-25,357.08,0.0,TRIZETTO#NqK3E
2024-06-26,1031.69,840.0,TRIZETTO#NqK3E
2024-06-27,2516.84,2514.26,TRIZETTO#NqK3E
2024-06-28,20.0,179.95,TRIZETTO#NqK3E
2024-06-29,595.08,0.0,TRIZETTO#NqK3E
2024-06-30,0.0,0.0,TRIZETTO#NqK3E
2024-07-01,1476.21,0.0,TRIZETTO#NqK3E
2024-07-02,0.0,72.0,TRIZETTO#NqK3E
2024-07-03,3404.91,3107.95,TRIZETTO#NqK3E
2024-07-04,1333.42,1154.0,TRIZETTO#NqK3E
2024-07-05,1418.17,1154.0,TRIZETTO#NqK3E
2024-07-06,0.0,0.0,TRIZETTO#NqK3E
2024-07-07,0.0,0.0,TRIZETTO#NqK3E
2024-07-08,351.26,0.0,TRIZETTO#NqK3E
2024-07-09,1452.25,20.0,TRIZETTO#NqK3E
2024-07-10,445.92,536.0,TRIZETTO#NqK3E
2024-07-11,0.0,0.0,TRIZETTO#NqK3E
2024-07-12,84.64,0.0,TRIZETTO#NqK3E
2024-07-13,0.0,0.0,TRIZETTO#NqK3E
2024-07-14,0.0,0.0,TRIZETTO#NqK3E
2024-07-15,0.0,0.0,TRIZETTO#NqK3E
2024-07-16,168.16,166.0,TRIZETTO#NqK3E
2024-07-17,85.16,1624.78,TRIZETTO#NqK3E
2024-07-18,0.0,0.0,TRIZETTO#NqK3E
2024-07-19,0.0,0.0,TRIZETTO#NqK3E
2024-07-20,251.87,0.0,TRIZETTO#NqK3E
2024-07-21,0.0,0.0,TRIZETTO#NqK3E
2024-07-22,41.73,271.72,TRIZETTO#NqK3E
2024-07-23,403.90000000000003,0.0,TRIZETTO#NqK3E
2024-07-24,0.0,0.0,TRIZETTO#NqK3E
2024-07-25,288.54,0.0,TRIZETTO#NqK3E
2024-07-26,1018.25,25.13,TRIZETTO#NqK3E
2024-07-27,0.0,0.0,TRIZETTO#NqK3E
2024-07-28,0.0,0.0,TRIZETTO#NqK3E
2024-07-29,0.0,25.13,TRIZETTO#NqK3E
2024-07-30,430.56,36.0,TRIZETTO#NqK3E
2024-07-31,0.0,12.0,TRIZETTO#NqK3E
2024-08-01,384.83,0.0,TRIZETTO#NqK3E
2024-08-02,3772.0,750.0,TRIZETTO#NqK3E
2024-08-03,0.0,0.0,TRIZETTO#NqK3E
2024-08-04,0.0,0.0,TRIZETTO#NqK3E
2024-08-05,410.0,2216.0,TRIZETTO#NqK3E
2024-08-06,2563.4,3036.86,TRIZETTO#NqK3E
2024-08-07,105.7,30.0,TRIZETTO#NqK3E
2024-08-08,634.03,60.0,TRIZETTO#NqK3E
2024-08-09,2110.52,800.0,TRIZETTO#NqK3E
2024-08-10,2.79,243.11,TRIZETTO#NqK3E
2024-08-11,2.79,243.11,TRIZETTO#NqK3E
2024-08-12,767.93,243.11,TRIZETTO#NqK3E
2024-08-13,62.72,0.0,TRIZETTO#NqK3E
2024-08-14,483.36,67.09,TRIZETTO#NqK3E
2024-08-15,1950.69,67.09,TRIZETTO#NqK3E
2024-08-16,1026.0,1043.7,TRIZETTO#NqK3E
2024-08-17,0.0,0.0,TRIZETTO#NqK3E
2024-08-18,0.0,0.0,TRIZETTO#NqK3E
2024-08-19,1342.5900000000001,3356.18,TRIZETTO#NqK3E
2024-08-20,1266.68,1263.44,TRIZETTO#NqK3E
2024-08-21,736.8,0.0,TRIZETTO#NqK3E
2024-08-22,1993.58,1896.68,TRIZETTO#NqK3E
2024-08-23,0.0,259.28,TRIZETTO#NqK3E
2024-08-24,0.0,30.0,TRIZETTO#NqK3E
2024-08-25,0.0,0.0,TRIZETTO#NqK3E
2024-08-26,70.0,30.0,TRIZETTO#NqK3E
2024-08-27,111.28,50.26,TRIZETTO#NqK3E
2024-08-28,3126.94,400.0,TRIZETTO#NqK3E
2024-08-29,211.57,840.42,TRIZETTO#NqK3E
2024-08-30,532.3,66.7,TRIZETTO#NqK3E
2024-08-31,0.0,0.0,TRIZETTO#NqK3E
2024-09-01,0.0,0.0,TRIZETTO#NqK3E
2024-09-02,154.36,0.0,TRIZETTO#NqK3E
2024-09-03,1692.98,2576.18,TRIZETTO#NqK3E
2024-09-04,0.0,613.8199999999999,TRIZETTO#NqK3E
2024-09-05,590.0,329.15999999999997,TRIZETTO#NqK3E
2024-09-06,86.57,357.53,TRIZETTO#NqK3E
2024-09-07,86.57,544.54,TRIZETTO#NqK3E
2024-09-08,0.0,0.0,TRIZETTO#NqK3E
2024-09-09,0.0,546.26,TRIZETTO#NqK3E
2024-09-10,272.11,62.760000000000005,TRIZETTO#NqK3E
2024-09-11,716.0,0.0,TRIZETTO#NqK3E
2024-09-12,0.0,0.0,TRIZETTO#NqK3E
2024-09-13,1200.0,1122.48,TRIZETTO#NqK3E
2024-09-14,0.0,0.0,TRIZETTO#NqK3E
2024-09-15,0.0,0.0,TRIZETTO#NqK3E
2024-09-16,2132.43,1226.6399999999999,TRIZETTO#NqK3E
2024-09-17,1308.13,1416.84,TRIZETTO#NqK3E
2024-09-18,834.88,827.9,TRIZETTO#NqK3E
2024-09-19,951.9,109.64,TRIZETTO#NqK3E
2024-09-20,1040.0,361.72,TRIZETTO#NqK3E
2024-09-21,0.0,0.0,TRIZETTO#NqK3E
2024-09-22,0.0,0.0,TRIZETTO#NqK3E
2024-09-23,1374.74,1370.74,TRIZETTO#NqK3E
2024-09-24,859.96,540.03,TRIZETTO#NqK3E
2024-09-25,403.55999999999995,207.71,TRIZETTO#NqK3E
2024-09-26,2062.72,1000.0,TRIZETTO#NqK3E
2024-09-27,0.0,1000.0,TRIZETTO#NqK3E
2024-09-28,419.24,0.0,TRIZETTO#NqK3E
2024-09-29,480.0,447.76,TRIZETTO#NqK3E
2024-09-30,729.28,705.79,TRIZETTO#NqK3E
2024-10-01,0.0,291.29,TRIZETTO#NqK3E
2024-10-02,670.0,169.0,TRIZETTO#NqK3E
2024-10-03,1128.4,1325.42,TRIZETTO#NqK3E
2024-10-04,0.0,1276.92,TRIZETTO#NqK3E
2024-10-05,315.31,0.0,TRIZETTO#NqK3E
2024-10-06,0.0,0.0,TRIZETTO#NqK3E
2024-10-07,592.51,104.24,TRIZETTO#NqK3E
2024-10-08,273.86,0.0,TRIZETTO#NqK3E
2024-10-09,528.01,0.0,TRIZETTO#NqK3E
2024-10-10,3410.0,2418.04,TRIZETTO#NqK3E
2024-10-11,2400.0,200.0,TRIZETTO#NqK3E
2024-10-12,0.0,1200.0,TRIZETTO#NqK3E
2024-10-13,80.0,79.13,TRIZETTO#NqK3E
2024-10-14,0.0,0.0,TRIZETTO#NqK3E
2024-10-15,3000.0,4308.64,TRIZETTO#NqK3E
2024-10-16,416.0,1489.0,TRIZETTO#NqK3E
2024-10-17,414.0,1432.08,TRIZETTO#NqK3E
2024-10-18,0.0,636.0,TRIZETTO#NqK3E
2024-10-19,0.0,0.0,TRIZETTO#NqK3E
2024-10-20,0.0,0.0,TRIZETTO#NqK3E
2024-10-21,0.0,307.72,TRIZETTO#NqK3E
2024-10-22,0.0,90.0,TRIZETTO#NqK3E
2024-10-23,616.1600000000001,0.0,TRIZETTO#NqK3E
2024-10-24,232.11,0.0,TRIZETTO#NqK3E
2024-10-25,774.25,0.0,TRIZETTO#NqK3E
2024-10-26,741.0,0.0,TRIZETTO#NqK3E
2024-10-27,0.0,0.0,TRIZETTO#NqK3E
2024-10-28,2164.83,0.0,TRIZETTO#NqK3E
2024-10-29,338.78,319.83,TRIZETTO#NqK3E
