Invoice ID,Invoice Number,Customer ID,Customer Company Name,Issue Date,Due Date,Paid On Date,Currency,Currency Rate,Line Item Description,Unit Amount,Quantity,SubTotal,Tax Amount,Total Amount,Status
163,1,13,Tina Quagmire,2023-12-26T00:00:00,2023-12-26T00:00:00,,USD,1.000000000,"Transport Ms. Gloria Bradford from 2514 Polaris Way Atlanta GA 30331 to 4735 Bishop Ming Blvd, Stone Mountain GA 30088 Friday December 29th,  2023. Zelle payment to info@mutualcare.co",0E-9,1.0000000000,0.00,0.00,0.00,Void
163,1,13,Tina Quagmire,2023-12-26T00:00:00,2023-12-26T00:00:00,,USD,1.000000000,"Transport Ms. Gloria Bradford from 2514 Polaris Way Atlanta GA 30331 to 4735 Bishop Ming Blvd, Stone Mountain GA 30088 Friday December 29th,  2023. Zelle payment to info@mutualcare.co",0E-9,1.0000000000,0.00,0.00,0.00,Void
203,,37,Willy Woosa,2024-04-05T00:00:00,2024-04-05T00:00:00,,USD,1.000000000,Opening Balance,400.000000000,1.0000000000,400.00,0.00,400.00,Submitted
204,1001,37,Willy Woosa,2024-04-05T00:00:00,2024-04-05T00:00:00,,USD,1.000000000,Transport Ms. Willy Woosa via stretcher to Wound Care Piedmont Henry: 150 Eagle Spring Court Stockbridge GA 30281 from patient address: 2601 Oslo Ct. Jonesboro GA 30236 for 09:00AM appointment.,400.000000000,1.0000000000,400.00,0.00,400.00,Submitted
163,1,13,Tina Quagmire,2023-12-26T00:00:00,2023-12-26T00:00:00,,USD,1.000000000,"Transport Ms. Gloria Bradford from 2514 Polaris Way Atlanta GA 30331 to 4735 Bishop Ming Blvd, Stone Mountain GA 30088 Friday December 29th,  2023. Zelle payment to info@mutualcare.co",0E-9,1.0000000000,0.00,0.00,0.00,Void
203,,37,Willy Woosa,2024-04-05T00:00:00,2024-04-05T00:00:00,,USD,1.000000000,Opening Balance,400.000000000,1.0000000000,400.00,0.00,400.00,Submitted
204,1001,37,Willy Woosa,2024-04-05T00:00:00,2024-04-05T00:00:00,2024-04-05T00:00:00,USD,1.000000000,Transport Ms. Willy Woosa via stretcher to Wound Care Piedmont Henry: 150 Eagle Spring Court Stockbridge GA 30281 from patient address: 2601 Oslo Ct. Jonesboro GA 30236 for 09:00AM appointment.,400.000000000,1.0000000000,400.00,0.00,400.00,Paid
163,1,13,Tina Quagmire,2023-12-26T00:00:00,2023-12-26T00:00:00,,USD,1.000000000,"Transport Ms. Gloria Bradford from 2514 Polaris Way Atlanta GA 30331 to 4735 Bishop Ming Blvd, Stone Mountain GA 30088 Friday December 29th,  2023. Zelle payment to info@mutualcare.co",0E-9,1.0000000000,0.00,0.00,0.00,Void
204,1001,37,Willy Woosa,2024-04-05T00:00:00,2024-04-05T00:00:00,2024-04-05T00:00:00,USD,1.000000000,Transport Ms. Willy Woosa via stretcher to Wound Care Piedmont Henry: 150 Eagle Spring Court Stockbridge GA 30281 from patient address: 2601 Oslo Ct. Jonesboro GA 30236 for 09:00AM appointment.,400.000000000,1.0000000000,400.00,0.00,400.00,Paid
203,002,37,Willy Woosa,2024-04-09T00:00:00,2024-04-10T00:00:00,2024-04-10T00:00:00,USD,1.000000000,Transport Ms. Willy Woosa. via stretcher to WC,400.000000000,1.0000000000,400.00,32.00,432.00,Paid
163,1,13,Tina Quagmire,2023-12-26T00:00:00,2023-12-26T00:00:00,,USD,1.000000000,"Transport Ms. Gloria Bradford from 2514 Polaris Way Atlanta GA 30331 to 4735 Bishop Ming Blvd, Stone Mountain GA 30088 Friday December 29th,  2023. Zelle payment to info@mutualcare.co",0E-9,1.0000000000,0.00,0.00,0.00,Void
204,1001,37,Willy Woosa,2024-04-05T00:00:00,2024-04-05T00:00:00,2024-04-05T00:00:00,USD,1.000000000,Transport Ms. Willy Woosa via stretcher to Wound Care Piedmont Henry: 150 Eagle Spring Court Stockbridge GA 30281 from patient address: 2601 Oslo Ct. Jonesboro GA 30236 for 09:00AM appointment.,400.000000000,1.0000000000,400.00,0.00,400.00,Paid
203,002,37,Willy Woosa,2024-04-09T00:00:00,2024-04-10T00:00:00,2024-04-10T00:00:00,USD,1.000000000,Transport Ms. Willy Woosa. via stretcher to WC,400.000000000,1.0000000000,400.00,32.00,432.00,Paid
209,1003,37,Willy Woosa,2024-04-16T00:00:00,2024-04-16T00:00:00,,USD,1.000000000,Transport  Ms. Willy Woosa to Wound Care from patient Home to 150 Eagles Spring Court Stockbridge GA on 4/12/24,400.000000000,1.0000000000,400.00,32.00,864.00,Submitted
209,1003,37,Willy Woosa,2024-04-16T00:00:00,2024-04-16T00:00:00,,USD,1.000000000,Transport  Ms. Willy Woosa to Wound Care from patient Home to 150 Eagles Spring Court Stockbridge GA on 4/16/24,400.000000000,1.0000000000,400.00,32.00,864.00,Submitted
163,1,13,Tina Quagmire,2023-12-26T00:00:00,2023-12-26T00:00:00,,USD,1.000000000,"Transport Ms. Gloria Bradford from 2514 Polaris Way Atlanta GA 30331 to 4735 Bishop Ming Blvd, Stone Mountain GA 30088 Friday December 29th,  2023. Zelle payment to info@mutualcare.co",0E-9,1.0000000000,0.00,0.00,0.00,Void
204,1001,37,Willy Woosa,2024-04-05T00:00:00,2024-04-05T00:00:00,2024-04-05T00:00:00,USD,1.000000000,Transport Ms. Willy Woosa via stretcher to Wound Care Piedmont Henry: 150 Eagle Spring Court Stockbridge GA 30281 from patient address: 2601 Oslo Ct. Jonesboro GA 30236 for 09:00AM appointment.,400.000000000,1.0000000000,400.00,0.00,400.00,Paid
203,002,37,Willy Woosa,2024-04-09T00:00:00,2024-04-10T00:00:00,2024-04-10T00:00:00,USD,1.000000000,Transport Ms. Willy Woosa. via stretcher to WC,400.000000000,1.0000000000,400.00,32.00,432.00,Paid
209,1003,37,Willy Woosa,2024-04-16T00:00:00,2024-04-16T00:00:00,2024-04-17T00:00:00,USD,1.000000000,Transport  Ms. Willy Woosa to Wound Care from patient Home to 150 Eagles Spring Court Stockbridge GA on 4/12/24,400.000000000,1.0000000000,400.00,32.00,864.00,Paid
209,1003,37,Willy Woosa,2024-04-16T00:00:00,2024-04-16T00:00:00,2024-04-17T00:00:00,USD,1.000000000,Transport  Ms. Willy Woosa to Wound Care from patient Home to 150 Eagles Spring Court Stockbridge GA on 4/16/24,400.000000000,1.0000000000,400.00,32.00,864.00,Paid
211,1004,37,Willy Woosa,2024-04-17T00:00:00,2024-04-17T00:00:00,,USD,1.000000000,Transport Ms. Willy Woosa via stretcher 04/17/24 to Digestive HealthCare from patient address: 2601 Oslo Ct. Jonesboro GA 30236,400.000000000,1.0000000000,400.00,32.00,432.00,Submitted
163,1,13,Tina Quagmire,2023-12-26T00:00:00,2023-12-26T00:00:00,,USD,1.000000000,"Transport Ms. Gloria Bradford from 2514 Polaris Way Atlanta GA 30331 to 4735 Bishop Ming Blvd, Stone Mountain GA 30088 Friday December 29th,  2023. Zelle payment to info@mutualcare.co",0E-9,1.0000000000,0.00,0.00,0.00,Void
204,1001,37,Willy Woosa,2024-04-05T00:00:00,2024-04-05T00:00:00,2024-04-05T00:00:00,USD,1.000000000,Transport Ms. Willy Woosa via stretcher to Wound Care Piedmont Henry: 150 Eagle Spring Court Stockbridge GA 30281 from patient address: 2601 Oslo Ct. Jonesboro GA 30236 for 09:00AM appointment.,400.000000000,1.0000000000,400.00,0.00,400.00,Paid
203,002,37,Willy Woosa,2024-04-09T00:00:00,2024-04-10T00:00:00,2024-04-10T00:00:00,USD,1.000000000,Transport Ms. Willy Woosa. via stretcher to WC,400.000000000,1.0000000000,400.00,32.00,432.00,Paid
209,1003,37,Willy Woosa,2024-04-16T00:00:00,2024-04-16T00:00:00,2024-04-17T00:00:00,USD,1.000000000,Transport  Ms. Willy Woosa to Wound Care from patient Home to 150 Eagles Spring Court Stockbridge GA on 4/12/24,400.000000000,1.0000000000,400.00,32.00,864.00,Paid
209,1003,37,Willy Woosa,2024-04-16T00:00:00,2024-04-16T00:00:00,2024-04-17T00:00:00,USD,1.000000000,Transport  Ms. Willy Woosa to Wound Care from patient Home to 150 Eagles Spring Court Stockbridge GA on 4/16/24,400.000000000,1.0000000000,400.00,32.00,864.00,Paid
211,1004,37,Willy Woosa,2024-04-17T00:00:00,2024-04-17T00:00:00,2024-04-18T00:00:00,USD,1.000000000,Transport Ms. Willy Woosa via stretcher 04/17/24 to Digestive HealthCare from patient address: 2601 Oslo Ct. Jonesboro GA 30236,400.000000000,1.0000000000,400.00,32.00,432.00,Paid
163,1,13,Tina Quagmire,2023-12-26T00:00:00,2023-12-26T00:00:00,,USD,1.000000000,"Transport Ms. Gloria Bradford from 2514 Polaris Way Atlanta GA 30331 to 4735 Bishop Ming Blvd, Stone Mountain GA 30088 Friday December 29th,  2023. Zelle payment to info@mutualcare.co",0E-9,1.0000000000,0.00,0.00,0.00,Void
204,1001,37,Willy Woosa,2024-04-05T00:00:00,2024-04-05T00:00:00,2024-04-05T00:00:00,USD,1.000000000,Transport Ms. Willy Woosa via stretcher to Wound Care Piedmont Henry: 150 Eagle Spring Court Stockbridge GA 30281 from patient address: 2601 Oslo Ct. Jonesboro GA 30236 for 09:00AM appointment.,400.000000000,1.0000000000,400.00,0.00,400.00,Paid
203,002,37,Willy Woosa,2024-04-09T00:00:00,2024-04-10T00:00:00,2024-04-10T00:00:00,USD,1.000000000,Transport Ms. Willy Woosa. via stretcher to WC,400.000000000,1.0000000000,400.00,32.00,432.00,Paid
209,1003,37,Willy Woosa,2024-04-16T00:00:00,2024-04-16T00:00:00,2024-04-17T00:00:00,USD,1.000000000,Transport  Ms. Willy Woosa to Wound Care from patient Home to 150 Eagles Spring Court Stockbridge GA on 4/12/24,400.000000000,1.0000000000,400.00,32.00,864.00,Paid
209,1003,37,Willy Woosa,2024-04-16T00:00:00,2024-04-16T00:00:00,2024-04-17T00:00:00,USD,1.000000000,Transport  Ms. Willy Woosa to Wound Care from patient Home to 150 Eagles Spring Court Stockbridge GA on 4/16/24,400.000000000,1.0000000000,400.00,32.00,864.00,Paid
211,1004,37,Willy Woosa,2024-04-17T00:00:00,2024-04-17T00:00:00,2024-04-18T00:00:00,USD,1.000000000,Transport Ms. Willy Woosa via stretcher 04/17/24 to Digestive HealthCare from patient address: 2601 Oslo Ct. Jonesboro GA 30236,400.000000000,1.0000000000,400.00,32.00,432.00,Paid
217,1005,37,Willy Woosa,2024-04-19T00:00:00,2024-04-19T00:00:00,,USD,1.000000000,Transport Ms. Willy Woosa via stretcher 04/19/24 to Wound Care 150 eagles spring ct Stockbridge GA from patient address: 2601 Oslo Ct. Jonesboro GA 30236,400.000000000,1.0000000000,400.00,32.00,432.00,Submitted
163,1,13,Tina Quagmire,2023-12-26T00:00:00,2023-12-26T00:00:00,,USD,1.000000000,"Transport Ms. Gloria Bradford from 2514 Polaris Way Atlanta GA 30331 to 4735 Bishop Ming Blvd, Stone Mountain GA 30088 Friday December 29th,  2023. Zelle payment to info@mutualcare.co",0E-9,1.0000000000,0.00,0.00,0.00,Void
204,1001,37,Willy Woosa,2024-04-05T00:00:00,2024-04-05T00:00:00,2024-04-05T00:00:00,USD,1.000000000,Transport Ms. Willy Woosa via stretcher to Wound Care Piedmont Henry: 150 Eagle Spring Court Stockbridge GA 30281 from patient address: 2601 Oslo Ct. Jonesboro GA 30236 for 09:00AM appointment.,400.000000000,1.0000000000,400.00,0.00,400.00,Paid
203,002,37,Willy Woosa,2024-04-09T00:00:00,2024-04-10T00:00:00,2024-04-10T00:00:00,USD,1.000000000,Transport Ms. Willy Woosa. via stretcher to WC,400.000000000,1.0000000000,400.00,32.00,432.00,Paid
209,1003,37,Willy Woosa,2024-04-16T00:00:00,2024-04-16T00:00:00,2024-04-17T00:00:00,USD,1.000000000,Transport  Ms. Willy Woosa to Wound Care from patient Home to 150 Eagles Spring Court Stockbridge GA on 4/12/24,400.000000000,1.0000000000,400.00,32.00,864.00,Paid
209,1003,37,Willy Woosa,2024-04-16T00:00:00,2024-04-16T00:00:00,2024-04-17T00:00:00,USD,1.000000000,Transport  Ms. Willy Woosa to Wound Care from patient Home to 150 Eagles Spring Court Stockbridge GA on 4/16/24,400.000000000,1.0000000000,400.00,32.00,864.00,Paid
211,1004,37,Willy Woosa,2024-04-17T00:00:00,2024-04-17T00:00:00,2024-04-18T00:00:00,USD,1.000000000,Transport Ms. Willy Woosa via stretcher 04/17/24 to Digestive HealthCare from patient address: 2601 Oslo Ct. Jonesboro GA 30236,400.000000000,1.0000000000,400.00,32.00,432.00,Paid
217,1005,37,Willy Woosa,2024-04-19T00:00:00,2024-04-19T00:00:00,,USD,1.000000000,Transport Ms. Willy Woosa via stretcher 04/19/24 to Wound Care 150 eagles spring ct Stockbridge GA from patient address: 2601 Oslo Ct. Jonesboro GA 30236,400.000000000,1.0000000000,400.00,32.00,432.00,Paid
163,1,13,Tina Quagmire,2023-12-26T00:00:00,2023-12-26T00:00:00,,USD,1.000000000,"Transport Ms. Gloria Bradford from 2514 Polaris Way Atlanta GA 30331 to 4735 Bishop Ming Blvd, Stone Mountain GA 30088 Friday December 29th,  2023. Zelle payment to info@mutualcare.co",0E-9,1.0000000000,0.00,0.00,0.00,Void
204,1001,37,Willy Woosa,2024-04-05T00:00:00,2024-04-05T00:00:00,2024-04-05T00:00:00,USD,1.000000000,Transport Ms. Willy Woosa via stretcher to Wound Care Piedmont Henry: 150 Eagle Spring Court Stockbridge GA 30281 from patient address: 2601 Oslo Ct. Jonesboro GA 30236 for 09:00AM appointment.,400.000000000,1.0000000000,400.00,0.00,400.00,Paid
203,002,37,Willy Woosa,2024-04-09T00:00:00,2024-04-10T00:00:00,2024-04-10T00:00:00,USD,1.000000000,Transport Ms. Willy Woosa. via stretcher to WC,400.000000000,1.0000000000,400.00,32.00,432.00,Paid
209,1003,37,Willy Woosa,2024-04-16T00:00:00,2024-04-16T00:00:00,2024-04-17T00:00:00,USD,1.000000000,Transport  Ms. Willy Woosa to Wound Care from patient Home to 150 Eagles Spring Court Stockbridge GA on 4/12/24,400.000000000,1.0000000000,400.00,32.00,864.00,Paid
209,1003,37,Willy Woosa,2024-04-16T00:00:00,2024-04-16T00:00:00,2024-04-17T00:00:00,USD,1.000000000,Transport  Ms. Willy Woosa to Wound Care from patient Home to 150 Eagles Spring Court Stockbridge GA on 4/16/24,400.000000000,1.0000000000,400.00,32.00,864.00,Paid
211,1004,37,Willy Woosa,2024-04-17T00:00:00,2024-04-17T00:00:00,2024-04-18T00:00:00,USD,1.000000000,Transport Ms. Willy Woosa via stretcher 04/17/24 to Digestive HealthCare from patient address: 2601 Oslo Ct. Jonesboro GA 30236,400.000000000,1.0000000000,400.00,32.00,432.00,Paid
217,1005,37,Willy Woosa,2024-04-19T00:00:00,2024-04-19T00:00:00,2024-04-20T00:00:00,USD,1.000000000,Transport Ms. Willy Woosa via stretcher 04/19/24 to Wound Care 150 eagles spring ct Stockbridge GA from patient address: 2601 Oslo Ct. Jonesboro GA 30236,400.000000000,1.0000000000,400.00,32.00,432.00,Paid
221,1006,37,Willy Woosa,2024-04-22T00:00:00,2024-04-22T00:00:00,,USD,1.000000000,"Transport Ms. Willy Woosa via stretcher 04/22/24 to WoundCare 253 Upper Riverdale rd SW Ste A, Riverdale, GA 30274 from patient address: 2601 Oslo Ct. Jonesboro GA 30236",400.000000000,1.0000000000,400.00,32.00,432.00,Submitted
163,1,13,Tina Quagmire,2023-12-26T00:00:00,2023-12-26T00:00:00,,USD,1.000000000,"Transport Ms. Gloria Bradford from 2514 Polaris Way Atlanta GA 30331 to 4735 Bishop Ming Blvd, Stone Mountain GA 30088 Friday December 29th,  2023. Zelle payment to info@mutualcare.co",0E-9,1.0000000000,0.00,0.00,0.00,Void
204,1001,37,Willy Woosa,2024-04-05T00:00:00,2024-04-05T00:00:00,2024-04-05T00:00:00,USD,1.000000000,Transport Ms. Willy Woosa via stretcher to Wound Care Piedmont Henry: 150 Eagle Spring Court Stockbridge GA 30281 from patient address: 2601 Oslo Ct. Jonesboro GA 30236 for 09:00AM appointment.,400.000000000,1.0000000000,400.00,0.00,400.00,Paid
203,002,37,Willy Woosa,2024-04-09T00:00:00,2024-04-10T00:00:00,2024-04-10T00:00:00,USD,1.000000000,Transport Ms. Willy Woosa. via stretcher to WC,400.000000000,1.0000000000,400.00,32.00,432.00,Paid
209,1003,37,Willy Woosa,2024-04-16T00:00:00,2024-04-16T00:00:00,2024-04-17T00:00:00,USD,1.000000000,Transport  Ms. Willy Woosa to Wound Care from patient Home to 150 Eagles Spring Court Stockbridge GA on 4/12/24,400.000000000,1.0000000000,400.00,32.00,864.00,Paid
209,1003,37,Willy Woosa,2024-04-16T00:00:00,2024-04-16T00:00:00,2024-04-17T00:00:00,USD,1.000000000,Transport  Ms. Willy Woosa to Wound Care from patient Home to 150 Eagles Spring Court Stockbridge GA on 4/16/24,400.000000000,1.0000000000,400.00,32.00,864.00,Paid
211,1004,37,Willy Woosa,2024-04-17T00:00:00,2024-04-17T00:00:00,2024-04-18T00:00:00,USD,1.000000000,Transport Ms. Willy Woosa via stretcher 04/17/24 to Digestive HealthCare from patient address: 2601 Oslo Ct. Jonesboro GA 30236,400.000000000,1.0000000000,400.00,32.00,432.00,Paid
217,1005,37,Willy Woosa,2024-04-19T00:00:00,2024-04-19T00:00:00,2024-04-20T00:00:00,USD,1.000000000,Transport Ms. Willy Woosa via stretcher 04/19/24 to Wound Care 150 eagles spring ct Stockbridge GA from patient address: 2601 Oslo Ct. Jonesboro GA 30236,400.000000000,1.0000000000,400.00,32.00,432.00,Paid
221,1006,37,Willy Woosa,2024-04-22T00:00:00,2024-04-22T00:00:00,2024-04-24T00:00:00,USD,1.000000000,"Transport Ms. Willy Woosa via stretcher 04/22/24 to WoundCare 253 Upper Riverdale rd SW Ste A, Riverdale, GA 30274 from patient address: 2601 Oslo Ct. Jonesboro GA 30236",400.000000000,1.0000000000,400.00,32.00,432.00,Paid
163,1,13,Tina Quagmire,2023-12-26T00:00:00,2023-12-26T00:00:00,,USD,1.000000000,"Transport Ms. Gloria Bradford from 2514 Polaris Way Atlanta GA 30331 to 4735 Bishop Ming Blvd, Stone Mountain GA 30088 Friday December 29th,  2023. Zelle payment to info@mutualcare.co",0E-9,1.0000000000,0.00,0.00,0.00,Void
204,1001,37,Willy Woosa,2024-04-05T00:00:00,2024-04-05T00:00:00,2024-04-05T00:00:00,USD,1.000000000,Transport Ms. Willy Woosa via stretcher to Wound Care Piedmont Henry: 150 Eagle Spring Court Stockbridge GA 30281 from patient address: 2601 Oslo Ct. Jonesboro GA 30236 for 09:00AM appointment.,400.000000000,1.0000000000,400.00,0.00,400.00,Paid
203,002,37,Willy Woosa,2024-04-09T00:00:00,2024-04-10T00:00:00,2024-04-10T00:00:00,USD,1.000000000,Transport Ms. Willy Woosa. via stretcher to WC,400.000000000,1.0000000000,400.00,32.00,432.00,Paid
209,1003,37,Willy Woosa,2024-04-16T00:00:00,2024-04-16T00:00:00,2024-04-17T00:00:00,USD,1.000000000,Transport  Ms. Willy Woosa to Wound Care from patient Home to 150 Eagles Spring Court Stockbridge GA on 4/12/24,400.000000000,1.0000000000,400.00,32.00,864.00,Paid
209,1003,37,Willy Woosa,2024-04-16T00:00:00,2024-04-16T00:00:00,2024-04-17T00:00:00,USD,1.000000000,Transport  Ms. Willy Woosa to Wound Care from patient Home to 150 Eagles Spring Court Stockbridge GA on 4/16/24,400.000000000,1.0000000000,400.00,32.00,864.00,Paid
211,1004,37,Willy Woosa,2024-04-17T00:00:00,2024-04-17T00:00:00,2024-04-18T00:00:00,USD,1.000000000,Transport Ms. Willy Woosa via stretcher 04/17/24 to Digestive HealthCare from patient address: 2601 Oslo Ct. Jonesboro GA 30236,400.000000000,1.0000000000,400.00,32.00,432.00,Paid
217,1005,37,Willy Woosa,2024-04-19T00:00:00,2024-04-19T00:00:00,2024-04-20T00:00:00,USD,1.000000000,Transport Ms. Willy Woosa via stretcher 04/19/24 to Wound Care 150 eagles spring ct Stockbridge GA from patient address: 2601 Oslo Ct. Jonesboro GA 30236,400.000000000,1.0000000000,400.00,32.00,432.00,Paid
221,1006,37,Willy Woosa,2024-04-22T00:00:00,2024-04-22T00:00:00,2024-04-24T00:00:00,USD,1.000000000,"Transport Ms. Willy Woosa via stretcher 04/22/24 to WoundCare 253 Upper Riverdale rd SW Ste A, Riverdale, GA 30274 from patient address: 2601 Oslo Ct. Jonesboro GA 30236",400.000000000,1.0000000000,400.00,32.00,432.00,Paid
225,1007,37,Willy Woosa,2024-04-25T00:00:00,2024-04-25T00:00:00,,USD,1.000000000,"Transport Ms. Willy Woosa via stretcher 04/25/24 to WoundCare 253 Upper Riverdale rd SW Ste A, Riverdale, GA 30274 from patient address: 2601 Oslo Ct. Jonesboro GA 30236",400.000000000,1.0000000000,400.00,32.00,432.00,Submitted
163,1,13,Tina Quagmire,2023-12-26T00:00:00,2023-12-26T00:00:00,,USD,1.000000000,"Transport Ms. Gloria Bradford from 2514 Polaris Way Atlanta GA 30331 to 4735 Bishop Ming Blvd, Stone Mountain GA 30088 Friday December 29th,  2023. Zelle payment to info@mutualcare.co",0E-9,1.0000000000,0.00,0.00,0.00,Void
204,1001,37,Willy Woosa,2024-04-05T00:00:00,2024-04-05T00:00:00,2024-04-05T00:00:00,USD,1.000000000,Transport Ms. Willy Woosa via stretcher to Wound Care Piedmont Henry: 150 Eagle Spring Court Stockbridge GA 30281 from patient address: 2601 Oslo Ct. Jonesboro GA 30236 for 09:00AM appointment.,400.000000000,1.0000000000,400.00,0.00,400.00,Paid
203,002,37,Willy Woosa,2024-04-09T00:00:00,2024-04-10T00:00:00,2024-04-10T00:00:00,USD,1.000000000,Transport Ms. Willy Woosa. via stretcher to WC,400.000000000,1.0000000000,400.00,32.00,432.00,Paid
209,1003,37,Willy Woosa,2024-04-16T00:00:00,2024-04-16T00:00:00,2024-04-17T00:00:00,USD,1.000000000,Transport  Ms. Willy Woosa to Wound Care from patient Home to 150 Eagles Spring Court Stockbridge GA on 4/12/24,400.000000000,1.0000000000,400.00,32.00,864.00,Paid
209,1003,37,Willy Woosa,2024-04-16T00:00:00,2024-04-16T00:00:00,2024-04-17T00:00:00,USD,1.000000000,Transport  Ms. Willy Woosa to Wound Care from patient Home to 150 Eagles Spring Court Stockbridge GA on 4/16/24,400.000000000,1.0000000000,400.00,32.00,864.00,Paid
211,1004,37,Willy Woosa,2024-04-17T00:00:00,2024-04-17T00:00:00,2024-04-18T00:00:00,USD,1.000000000,Transport Ms. Willy Woosa via stretcher 04/17/24 to Digestive HealthCare from patient address: 2601 Oslo Ct. Jonesboro GA 30236,400.000000000,1.0000000000,400.00,32.00,432.00,Paid
217,1005,37,Willy Woosa,2024-04-19T00:00:00,2024-04-19T00:00:00,2024-04-20T00:00:00,USD,1.000000000,Transport Ms. Willy Woosa via stretcher 04/19/24 to Wound Care 150 eagles spring ct Stockbridge GA from patient address: 2601 Oslo Ct. Jonesboro GA 30236,400.000000000,1.0000000000,400.00,32.00,432.00,Paid
221,1006,37,Willy Woosa,2024-04-22T00:00:00,2024-04-22T00:00:00,2024-04-24T00:00:00,USD,1.000000000,"Transport Ms. Willy Woosa via stretcher 04/22/24 to WoundCare 253 Upper Riverdale rd SW Ste A, Riverdale, GA 30274 from patient address: 2601 Oslo Ct. Jonesboro GA 30236",400.000000000,1.0000000000,400.00,32.00,432.00,Paid
225,1007,37,Willy Woosa,2024-04-25T00:00:00,2024-04-25T00:00:00,,USD,1.000000000,"Transport Ms. Willy Woosa via stretcher 04/25/24 to WoundCare 253 Upper Riverdale rd SW Ste A, Riverdale, GA 30274 from patient address: 2601 Oslo Ct. Jonesboro GA 30236",400.000000000,1.0000000000,400.00,32.00,432.00,Paid
163,1,13,Tina Quagmire,2023-12-26T00:00:00,2023-12-26T00:00:00,,USD,1.000000000,"Transport Ms. Gloria Bradford from 2514 Polaris Way Atlanta GA 30331 to 4735 Bishop Ming Blvd, Stone Mountain GA 30088 Friday December 29th,  2023. Zelle payment to info@mutualcare.co",0E-9,1.0000000000,0.00,0.00,0.00,Void
204,1001,37,Willy Woosa,2024-04-05T00:00:00,2024-04-05T00:00:00,2024-04-05T00:00:00,USD,1.000000000,Transport Ms. Willy Woosa via stretcher to Wound Care Piedmont Henry: 150 Eagle Spring Court Stockbridge GA 30281 from patient address: 2601 Oslo Ct. Jonesboro GA 30236 for 09:00AM appointment.,400.000000000,1.0000000000,400.00,0.00,400.00,Paid
203,002,37,Willy Woosa,2024-04-09T00:00:00,2024-04-10T00:00:00,2024-04-10T00:00:00,USD,1.000000000,Transport Ms. Willy Woosa. via stretcher to WC,400.000000000,1.0000000000,400.00,32.00,432.00,Paid
209,1003,37,Willy Woosa,2024-04-16T00:00:00,2024-04-16T00:00:00,2024-04-17T00:00:00,USD,1.000000000,Transport  Ms. Willy Woosa to Wound Care from patient Home to 150 Eagles Spring Court Stockbridge GA on 4/12/24,400.000000000,1.0000000000,400.00,32.00,864.00,Paid
209,1003,37,Willy Woosa,2024-04-16T00:00:00,2024-04-16T00:00:00,2024-04-17T00:00:00,USD,1.000000000,Transport  Ms. Willy Woosa to Wound Care from patient Home to 150 Eagles Spring Court Stockbridge GA on 4/16/24,400.000000000,1.0000000000,400.00,32.00,864.00,Paid
211,1004,37,Willy Woosa,2024-04-17T00:00:00,2024-04-17T00:00:00,2024-04-18T00:00:00,USD,1.000000000,Transport Ms. Willy Woosa via stretcher 04/17/24 to Digestive HealthCare from patient address: 2601 Oslo Ct. Jonesboro GA 30236,400.000000000,1.0000000000,400.00,32.00,432.00,Paid
217,1005,37,Willy Woosa,2024-04-19T00:00:00,2024-04-19T00:00:00,2024-04-20T00:00:00,USD,1.000000000,Transport Ms. Willy Woosa via stretcher 04/19/24 to Wound Care 150 eagles spring ct Stockbridge GA from patient address: 2601 Oslo Ct. Jonesboro GA 30236,400.000000000,1.0000000000,400.00,32.00,432.00,Paid
221,1006,37,Willy Woosa,2024-04-22T00:00:00,2024-04-22T00:00:00,2024-04-24T00:00:00,USD,1.000000000,"Transport Ms. Willy Woosa via stretcher 04/22/24 to WoundCare 253 Upper Riverdale rd SW Ste A, Riverdale, GA 30274 from patient address: 2601 Oslo Ct. Jonesboro GA 30236",400.000000000,1.0000000000,400.00,32.00,432.00,Paid
225,1007,37,Willy Woosa,2024-04-25T00:00:00,2024-04-25T00:00:00,2024-04-26T00:00:00,USD,1.000000000,"Transport Ms. Willy Woosa via stretcher 04/25/24 to WoundCare 253 Upper Riverdale rd SW Ste A, Riverdale, GA 30274 from patient address: 2601 Oslo Ct. Jonesboro GA 30236",400.000000000,1.0000000000,400.00,32.00,432.00,Paid
229,1008,37,Willy Woosa,2024-04-30T00:00:00,2024-04-30T00:00:00,,USD,1.000000000,"Transport Ms. Willy Woosa via stretcher 04/29/24 to WoundCare 253 Upper Riverdale rd SW Ste A, Riverdale, GA 30274 from patient address: 2601 Oslo Ct. Jonesboro GA 30236",400.000000000,1.0000000000,400.00,32.00,432.00,Submitted
163,1,13,Tina Quagmire,2023-12-26T00:00:00,2023-12-26T00:00:00,,USD,1.000000000,"Transport Ms. Gloria Bradford from 2514 Polaris Way Atlanta GA 30331 to 4735 Bishop Ming Blvd, Stone Mountain GA 30088 Friday December 29th,  2023. Zelle payment to info@mutualcare.co",0E-9,1.0000000000,0.00,0.00,0.00,Void
204,1001,37,Willy Woosa,2024-04-05T00:00:00,2024-04-05T00:00:00,2024-04-05T00:00:00,USD,1.000000000,Transport Ms. Willy Woosa via stretcher to Wound Care Piedmont Henry: 150 Eagle Spring Court Stockbridge GA 30281 from patient address: 2601 Oslo Ct. Jonesboro GA 30236 for 09:00AM appointment.,400.000000000,1.0000000000,400.00,0.00,400.00,Paid
203,002,37,Willy Woosa,2024-04-09T00:00:00,2024-04-10T00:00:00,2024-04-10T00:00:00,USD,1.000000000,Transport Ms. Willy Woosa. via stretcher to WC,400.000000000,1.0000000000,400.00,32.00,432.00,Paid
209,1003,37,Willy Woosa,2024-04-16T00:00:00,2024-04-16T00:00:00,2024-04-17T00:00:00,USD,1.000000000,Transport  Ms. Willy Woosa to Wound Care from patient Home to 150 Eagles Spring Court Stockbridge GA on 4/12/24,400.000000000,1.0000000000,400.00,32.00,864.00,Paid
209,1003,37,Willy Woosa,2024-04-16T00:00:00,2024-04-16T00:00:00,2024-04-17T00:00:00,USD,1.000000000,Transport  Ms. Willy Woosa to Wound Care from patient Home to 150 Eagles Spring Court Stockbridge GA on 4/16/24,400.000000000,1.0000000000,400.00,32.00,864.00,Paid
211,1004,37,Willy Woosa,2024-04-17T00:00:00,2024-04-17T00:00:00,2024-04-18T00:00:00,USD,1.000000000,Transport Ms. Willy Woosa via stretcher 04/17/24 to Digestive HealthCare from patient address: 2601 Oslo Ct. Jonesboro GA 30236,400.000000000,1.0000000000,400.00,32.00,432.00,Paid
217,1005,37,Willy Woosa,2024-04-19T00:00:00,2024-04-19T00:00:00,2024-04-20T00:00:00,USD,1.000000000,Transport Ms. Willy Woosa via stretcher 04/19/24 to Wound Care 150 eagles spring ct Stockbridge GA from patient address: 2601 Oslo Ct. Jonesboro GA 30236,400.000000000,1.0000000000,400.00,32.00,432.00,Paid
221,1006,37,Willy Woosa,2024-04-22T00:00:00,2024-04-22T00:00:00,2024-04-24T00:00:00,USD,1.000000000,"Transport Ms. Willy Woosa via stretcher 04/22/24 to WoundCare 253 Upper Riverdale rd SW Ste A, Riverdale, GA 30274 from patient address: 2601 Oslo Ct. Jonesboro GA 30236",400.000000000,1.0000000000,400.00,32.00,432.00,Paid
225,1007,37,Willy Woosa,2024-04-25T00:00:00,2024-04-25T00:00:00,2024-04-26T00:00:00,USD,1.000000000,"Transport Ms. Willy Woosa via stretcher 04/25/24 to WoundCare 253 Upper Riverdale rd SW Ste A, Riverdale, GA 30274 from patient address: 2601 Oslo Ct. Jonesboro GA 30236",400.000000000,1.0000000000,400.00,32.00,432.00,Paid
229,1008,37,Willy Woosa,2024-04-30T00:00:00,2024-04-30T00:00:00,2024-05-01T00:00:00,USD,1.000000000,"Transport Ms. Willy Woosa via stretcher 04/29/24 to WoundCare 253 Upper Riverdale rd SW Ste A, Riverdale, GA 30274 from patient address: 2601 Oslo Ct. Jonesboro GA 30236",400.000000000,1.0000000000,400.00,32.00,432.00,Paid
163,1,13,Tina Quagmire,2023-12-26T00:00:00,2023-12-26T00:00:00,,USD,1.000000000,"Transport Ms. Gloria Bradford from 2514 Polaris Way Atlanta GA 30331 to 4735 Bishop Ming Blvd, Stone Mountain GA 30088 Friday December 29th,  2023. Zelle payment to info@mutualcare.co",0E-9,1.0000000000,0.00,0.00,0.00,Void
204,1001,37,Willy Woosa,2024-04-05T00:00:00,2024-04-05T00:00:00,2024-04-05T00:00:00,USD,1.000000000,Transport Ms. Willy Woosa via stretcher to Wound Care Piedmont Henry: 150 Eagle Spring Court Stockbridge GA 30281 from patient address: 2601 Oslo Ct. Jonesboro GA 30236 for 09:00AM appointment.,400.000000000,1.0000000000,400.00,0.00,400.00,Paid
203,002,37,Willy Woosa,2024-04-09T00:00:00,2024-04-10T00:00:00,2024-04-10T00:00:00,USD,1.000000000,Transport Ms. Willy Woosa. via stretcher to WC,400.000000000,1.0000000000,400.00,32.00,432.00,Paid
209,1003,37,Willy Woosa,2024-04-16T00:00:00,2024-04-16T00:00:00,2024-04-17T00:00:00,USD,1.000000000,Transport  Ms. Willy Woosa to Wound Care from patient Home to 150 Eagles Spring Court Stockbridge GA on 4/12/24,400.000000000,1.0000000000,400.00,32.00,864.00,Paid
209,1003,37,Willy Woosa,2024-04-16T00:00:00,2024-04-16T00:00:00,2024-04-17T00:00:00,USD,1.000000000,Transport  Ms. Willy Woosa to Wound Care from patient Home to 150 Eagles Spring Court Stockbridge GA on 4/16/24,400.000000000,1.0000000000,400.00,32.00,864.00,Paid
211,1004,37,Willy Woosa,2024-04-17T00:00:00,2024-04-17T00:00:00,2024-04-18T00:00:00,USD,1.000000000,Transport Ms. Willy Woosa via stretcher 04/17/24 to Digestive HealthCare from patient address: 2601 Oslo Ct. Jonesboro GA 30236,400.000000000,1.0000000000,400.00,32.00,432.00,Paid
217,1005,37,Willy Woosa,2024-04-19T00:00:00,2024-04-19T00:00:00,2024-04-20T00:00:00,USD,1.000000000,Transport Ms. Willy Woosa via stretcher 04/19/24 to Wound Care 150 eagles spring ct Stockbridge GA from patient address: 2601 Oslo Ct. Jonesboro GA 30236,400.000000000,1.0000000000,400.00,32.00,432.00,Paid
221,1006,37,Willy Woosa,2024-04-22T00:00:00,2024-04-22T00:00:00,2024-04-24T00:00:00,USD,1.000000000,"Transport Ms. Willy Woosa via stretcher 04/22/24 to WoundCare 253 Upper Riverdale rd SW Ste A, Riverdale, GA 30274 from patient address: 2601 Oslo Ct. Jonesboro GA 30236",400.000000000,1.0000000000,400.00,32.00,432.00,Paid
225,1007,37,Willy Woosa,2024-04-25T00:00:00,2024-04-25T00:00:00,2024-04-26T00:00:00,USD,1.000000000,"Transport Ms. Willy Woosa via stretcher 04/25/24 to WoundCare 253 Upper Riverdale rd SW Ste A, Riverdale, GA 30274 from patient address: 2601 Oslo Ct. Jonesboro GA 30236",400.000000000,1.0000000000,400.00,32.00,432.00,Paid
229,1008,37,Willy Woosa,2024-04-30T00:00:00,2024-04-30T00:00:00,2024-05-01T00:00:00,USD,1.000000000,"Transport Ms. Willy Woosa via stretcher 04/29/24 to WoundCare 253 Upper Riverdale rd SW Ste A, Riverdale, GA 30274 from patient address: 2601 Oslo Ct. Jonesboro GA 30236",400.000000000,1.0000000000,400.00,32.00,432.00,Paid
233,1009,37,Willy Woosa,2024-05-02T00:00:00,2024-05-02T00:00:00,,USD,1.000000000,"Transport Ms. Willy Woosa via stretcher 05/02/24 to WoundCare 253 Upper Riverdale rd SW Ste A, Riverdale, GA 30274 from patient address: 2601 Oslo Ct. Jonesboro GA 30236",400.000000000,1.0000000000,400.00,32.00,432.00,Submitted
163,1,13,Tina Quagmire,2023-12-26T00:00:00,2023-12-26T00:00:00,,USD,1.000000000,"Transport Ms. Gloria Bradford from 2514 Polaris Way Atlanta GA 30331 to 4735 Bishop Ming Blvd, Stone Mountain GA 30088 Friday December 29th,  2023. Zelle payment to info@mutualcare.co",0E-9,1.0000000000,0.00,0.00,0.00,Void
204,1001,37,Willy Woosa,2024-04-05T00:00:00,2024-04-05T00:00:00,2024-04-05T00:00:00,USD,1.000000000,Transport Ms. Willy Woosa via stretcher to Wound Care Piedmont Henry: 150 Eagle Spring Court Stockbridge GA 30281 from patient address: 2601 Oslo Ct. Jonesboro GA 30236 for 09:00AM appointment.,400.000000000,1.0000000000,400.00,0.00,400.00,Paid
203,002,37,Willy Woosa,2024-04-09T00:00:00,2024-04-10T00:00:00,2024-04-10T00:00:00,USD,1.000000000,Transport Ms. Willy Woosa. via stretcher to WC,400.000000000,1.0000000000,400.00,32.00,432.00,Paid
209,1003,37,Willy Woosa,2024-04-16T00:00:00,2024-04-16T00:00:00,2024-04-17T00:00:00,USD,1.000000000,Transport  Ms. Willy Woosa to Wound Care from patient Home to 150 Eagles Spring Court Stockbridge GA on 4/12/24,400.000000000,1.0000000000,400.00,32.00,864.00,Paid
209,1003,37,Willy Woosa,2024-04-16T00:00:00,2024-04-16T00:00:00,2024-04-17T00:00:00,USD,1.000000000,Transport  Ms. Willy Woosa to Wound Care from patient Home to 150 Eagles Spring Court Stockbridge GA on 4/16/24,400.000000000,1.0000000000,400.00,32.00,864.00,Paid
211,1004,37,Willy Woosa,2024-04-17T00:00:00,2024-04-17T00:00:00,2024-04-18T00:00:00,USD,1.000000000,Transport Ms. Willy Woosa via stretcher 04/17/24 to Digestive HealthCare from patient address: 2601 Oslo Ct. Jonesboro GA 30236,400.000000000,1.0000000000,400.00,32.00,432.00,Paid
217,1005,37,Willy Woosa,2024-04-19T00:00:00,2024-04-19T00:00:00,2024-04-20T00:00:00,USD,1.000000000,Transport Ms. Willy Woosa via stretcher 04/19/24 to Wound Care 150 eagles spring ct Stockbridge GA from patient address: 2601 Oslo Ct. Jonesboro GA 30236,400.000000000,1.0000000000,400.00,32.00,432.00,Paid
221,1006,37,Willy Woosa,2024-04-22T00:00:00,2024-04-22T00:00:00,2024-04-24T00:00:00,USD,1.000000000,"Transport Ms. Willy Woosa via stretcher 04/22/24 to WoundCare 253 Upper Riverdale rd SW Ste A, Riverdale, GA 30274 from patient address: 2601 Oslo Ct. Jonesboro GA 30236",400.000000000,1.0000000000,400.00,32.00,432.00,Paid
225,1007,37,Willy Woosa,2024-04-25T00:00:00,2024-04-25T00:00:00,2024-04-26T00:00:00,USD,1.000000000,"Transport Ms. Willy Woosa via stretcher 04/25/24 to WoundCare 253 Upper Riverdale rd SW Ste A, Riverdale, GA 30274 from patient address: 2601 Oslo Ct. Jonesboro GA 30236",400.000000000,1.0000000000,400.00,32.00,432.00,Paid
229,1008,37,Willy Woosa,2024-04-30T00:00:00,2024-04-30T00:00:00,2024-05-01T00:00:00,USD,1.000000000,"Transport Ms. Willy Woosa via stretcher 04/29/24 to WoundCare 253 Upper Riverdale rd SW Ste A, Riverdale, GA 30274 from patient address: 2601 Oslo Ct. Jonesboro GA 30236",400.000000000,1.0000000000,400.00,32.00,432.00,Paid
233,1009,37,Willy Woosa,2024-05-02T00:00:00,2024-05-02T00:00:00,2024-05-04T00:00:00,USD,1.000000000,"Transport Ms. Willy Woosa via stretcher 05/02/24 to WoundCare 253 Upper Riverdale rd SW Ste A, Riverdale, GA 30274 from patient address: 2601 Oslo Ct. Jonesboro GA 30236",400.000000000,1.0000000000,400.00,32.00,432.00,Paid
163,1,13,Tina Quagmire,2023-12-26T00:00:00,2023-12-26T00:00:00,,USD,1.000000000,"Transport Ms. Gloria Bradford from 2514 Polaris Way Atlanta GA 30331 to 4735 Bishop Ming Blvd, Stone Mountain GA 30088 Friday December 29th,  2023. Zelle payment to info@mutualcare.co",0E-9,1.0000000000,0.00,0.00,0.00,Void
204,1001,37,Willy Woosa,2024-04-05T00:00:00,2024-04-05T00:00:00,2024-04-05T00:00:00,USD,1.000000000,Transport Ms. Willy Woosa via stretcher to Wound Care Piedmont Henry: 150 Eagle Spring Court Stockbridge GA 30281 from patient address: 2601 Oslo Ct. Jonesboro GA 30236 for 09:00AM appointment.,400.000000000,1.0000000000,400.00,0.00,400.00,Paid
203,002,37,Willy Woosa,2024-04-09T00:00:00,2024-04-10T00:00:00,2024-04-10T00:00:00,USD,1.000000000,Transport Ms. Willy Woosa. via stretcher to WC,400.000000000,1.0000000000,400.00,32.00,432.00,Paid
209,1003,37,Willy Woosa,2024-04-16T00:00:00,2024-04-16T00:00:00,2024-04-17T00:00:00,USD,1.000000000,Transport  Ms. Willy Woosa to Wound Care from patient Home to 150 Eagles Spring Court Stockbridge GA on 4/12/24,400.000000000,1.0000000000,400.00,32.00,864.00,Paid
209,1003,37,Willy Woosa,2024-04-16T00:00:00,2024-04-16T00:00:00,2024-04-17T00:00:00,USD,1.000000000,Transport  Ms. Willy Woosa to Wound Care from patient Home to 150 Eagles Spring Court Stockbridge GA on 4/16/24,400.000000000,1.0000000000,400.00,32.00,864.00,Paid
211,1004,37,Willy Woosa,2024-04-17T00:00:00,2024-04-17T00:00:00,2024-04-18T00:00:00,USD,1.000000000,Transport Ms. Willy Woosa via stretcher 04/17/24 to Digestive HealthCare from patient address: 2601 Oslo Ct. Jonesboro GA 30236,400.000000000,1.0000000000,400.00,32.00,432.00,Paid
217,1005,37,Willy Woosa,2024-04-19T00:00:00,2024-04-19T00:00:00,2024-04-20T00:00:00,USD,1.000000000,Transport Ms. Willy Woosa via stretcher 04/19/24 to Wound Care 150 eagles spring ct Stockbridge GA from patient address: 2601 Oslo Ct. Jonesboro GA 30236,400.000000000,1.0000000000,400.00,32.00,432.00,Paid
221,1006,37,Willy Woosa,2024-04-22T00:00:00,2024-04-22T00:00:00,2024-04-24T00:00:00,USD,1.000000000,"Transport Ms. Willy Woosa via stretcher 04/22/24 to WoundCare 253 Upper Riverdale rd SW Ste A, Riverdale, GA 30274 from patient address: 2601 Oslo Ct. Jonesboro GA 30236",400.000000000,1.0000000000,400.00,32.00,432.00,Paid
225,1007,37,Willy Woosa,2024-04-25T00:00:00,2024-04-25T00:00:00,2024-04-26T00:00:00,USD,1.000000000,"Transport Ms. Willy Woosa via stretcher 04/25/24 to WoundCare 253 Upper Riverdale rd SW Ste A, Riverdale, GA 30274 from patient address: 2601 Oslo Ct. Jonesboro GA 30236",400.000000000,1.0000000000,400.00,32.00,432.00,Paid
229,1008,37,Willy Woosa,2024-04-30T00:00:00,2024-04-30T00:00:00,2024-05-01T00:00:00,USD,1.000000000,"Transport Ms. Willy Woosa via stretcher 04/29/24 to WoundCare 253 Upper Riverdale rd SW Ste A, Riverdale, GA 30274 from patient address: 2601 Oslo Ct. Jonesboro GA 30236",400.000000000,1.0000000000,400.00,32.00,432.00,Paid
233,1009,37,Willy Woosa,2024-05-02T00:00:00,2024-05-02T00:00:00,2024-05-04T00:00:00,USD,1.000000000,"Transport Ms. Willy Woosa via stretcher 05/02/24 to WoundCare 253 Upper Riverdale rd SW Ste A, Riverdale, GA 30274 from patient address: 2601 Oslo Ct. Jonesboro GA 30236",400.000000000,1.0000000000,400.00,32.00,432.00,Paid
237,1010,37,Willy Woosa,2024-05-06T00:00:00,2024-05-06T00:00:00,,USD,1.000000000,"Transport Ms. Willy Woosa via stretcher 05/06/24 to WoundCare 253 Upper Riverdale rd SW Ste A, Riverdale, GA 30274 from patient address: 2601 Oslo Ct. Jonesboro GA 30236",400.000000000,1.0000000000,400.00,32.00,432.00,Submitted
163,1,13,Tina Quagmire,2023-12-26T00:00:00,2023-12-26T00:00:00,,USD,1.000000000,"Transport Ms. Gloria Bradford from 2514 Polaris Way Atlanta GA 30331 to 4735 Bishop Ming Blvd, Stone Mountain GA 30088 Friday December 29th,  2023. Zelle payment to info@mutualcare.co",0E-9,1.0000000000,0.00,0.00,0.00,Void
204,1001,37,Willy Woosa,2024-04-05T00:00:00,2024-04-05T00:00:00,2024-04-05T00:00:00,USD,1.000000000,Transport Ms. Willy Woosa via stretcher to Wound Care Piedmont Henry: 150 Eagle Spring Court Stockbridge GA 30281 from patient address: 2601 Oslo Ct. Jonesboro GA 30236 for 09:00AM appointment.,400.000000000,1.0000000000,400.00,0.00,400.00,Paid
203,002,37,Willy Woosa,2024-04-09T00:00:00,2024-04-10T00:00:00,2024-04-10T00:00:00,USD,1.000000000,Transport Ms. Willy Woosa. via stretcher to WC,400.000000000,1.0000000000,400.00,32.00,432.00,Paid
209,1003,37,Willy Woosa,2024-04-16T00:00:00,2024-04-16T00:00:00,2024-04-17T00:00:00,USD,1.000000000,Transport  Ms. Willy Woosa to Wound Care from patient Home to 150 Eagles Spring Court Stockbridge GA on 4/12/24,400.000000000,1.0000000000,400.00,32.00,864.00,Paid
209,1003,37,Willy Woosa,2024-04-16T00:00:00,2024-04-16T00:00:00,2024-04-17T00:00:00,USD,1.000000000,Transport  Ms. Willy Woosa to Wound Care from patient Home to 150 Eagles Spring Court Stockbridge GA on 4/16/24,400.000000000,1.0000000000,400.00,32.00,864.00,Paid
211,1004,37,Willy Woosa,2024-04-17T00:00:00,2024-04-17T00:00:00,2024-04-18T00:00:00,USD,1.000000000,Transport Ms. Willy Woosa via stretcher 04/17/24 to Digestive HealthCare from patient address: 2601 Oslo Ct. Jonesboro GA 30236,400.000000000,1.0000000000,400.00,32.00,432.00,Paid
217,1005,37,Willy Woosa,2024-04-19T00:00:00,2024-04-19T00:00:00,2024-04-20T00:00:00,USD,1.000000000,Transport Ms. Willy Woosa via stretcher 04/19/24 to Wound Care 150 eagles spring ct Stockbridge GA from patient address: 2601 Oslo Ct. Jonesboro GA 30236,400.000000000,1.0000000000,400.00,32.00,432.00,Paid
221,1006,37,Willy Woosa,2024-04-22T00:00:00,2024-04-22T00:00:00,2024-04-24T00:00:00,USD,1.000000000,"Transport Ms. Willy Woosa via stretcher 04/22/24 to WoundCare 253 Upper Riverdale rd SW Ste A, Riverdale, GA 30274 from patient address: 2601 Oslo Ct. Jonesboro GA 30236",400.000000000,1.0000000000,400.00,32.00,432.00,Paid
225,1007,37,Willy Woosa,2024-04-25T00:00:00,2024-04-25T00:00:00,2024-04-26T00:00:00,USD,1.000000000,"Transport Ms. Willy Woosa via stretcher 04/25/24 to WoundCare 253 Upper Riverdale rd SW Ste A, Riverdale, GA 30274 from patient address: 2601 Oslo Ct. Jonesboro GA 30236",400.000000000,1.0000000000,400.00,32.00,432.00,Paid
229,1008,37,Willy Woosa,2024-04-30T00:00:00,2024-04-30T00:00:00,2024-05-01T00:00:00,USD,1.000000000,"Transport Ms. Willy Woosa via stretcher 04/29/24 to WoundCare 253 Upper Riverdale rd SW Ste A, Riverdale, GA 30274 from patient address: 2601 Oslo Ct. Jonesboro GA 30236",400.000000000,1.0000000000,400.00,32.00,432.00,Paid
233,1009,37,Willy Woosa,2024-05-02T00:00:00,2024-05-02T00:00:00,2024-05-04T00:00:00,USD,1.000000000,"Transport Ms. Willy Woosa via stretcher 05/02/24 to WoundCare 253 Upper Riverdale rd SW Ste A, Riverdale, GA 30274 from patient address: 2601 Oslo Ct. Jonesboro GA 30236",400.000000000,1.0000000000,400.00,32.00,432.00,Paid
237,1010,37,Willy Woosa,2024-05-06T00:00:00,2024-05-06T00:00:00,2024-05-07T00:00:00,USD,1.000000000,"Transport Ms. Willy Woosa via stretcher 05/06/24 to WoundCare 253 Upper Riverdale rd SW Ste A, Riverdale, GA 30274 from patient address: 2601 Oslo Ct. Jonesboro GA 30236",400.000000000,1.0000000000,400.00,32.00,432.00,Paid
163,1,13,Tina Quagmire,2023-12-26T00:00:00,2023-12-26T00:00:00,,USD,1.000000000,"Transport Ms. Gloria Bradford from 2514 Polaris Way Atlanta GA 30331 to 4735 Bishop Ming Blvd, Stone Mountain GA 30088 Friday December 29th,  2023. Zelle payment to info@mutualcare.co",0E-9,1.0000000000,0.00,0.00,0.00,Void
204,1001,37,Willy Woosa,2024-04-05T00:00:00,2024-04-05T00:00:00,2024-04-05T00:00:00,USD,1.000000000,Transport Ms. Willy Woosa via stretcher to Wound Care Piedmont Henry: 150 Eagle Spring Court Stockbridge GA 30281 from patient address: 2601 Oslo Ct. Jonesboro GA 30236 for 09:00AM appointment.,400.000000000,1.0000000000,400.00,0.00,400.00,Paid
203,002,37,Willy Woosa,2024-04-09T00:00:00,2024-04-10T00:00:00,2024-04-10T00:00:00,USD,1.000000000,Transport Ms. Willy Woosa. via stretcher to WC,400.000000000,1.0000000000,400.00,32.00,432.00,Paid
209,1003,37,Willy Woosa,2024-04-16T00:00:00,2024-04-16T00:00:00,2024-04-17T00:00:00,USD,1.000000000,Transport  Ms. Willy Woosa to Wound Care from patient Home to 150 Eagles Spring Court Stockbridge GA on 4/12/24,400.000000000,1.0000000000,400.00,32.00,864.00,Paid
209,1003,37,Willy Woosa,2024-04-16T00:00:00,2024-04-16T00:00:00,2024-04-17T00:00:00,USD,1.000000000,Transport  Ms. Willy Woosa to Wound Care from patient Home to 150 Eagles Spring Court Stockbridge GA on 4/16/24,400.000000000,1.0000000000,400.00,32.00,864.00,Paid
211,1004,37,Willy Woosa,2024-04-17T00:00:00,2024-04-17T00:00:00,2024-04-18T00:00:00,USD,1.000000000,Transport Ms. Willy Woosa via stretcher 04/17/24 to Digestive HealthCare from patient address: 2601 Oslo Ct. Jonesboro GA 30236,400.000000000,1.0000000000,400.00,32.00,432.00,Paid
217,1005,37,Willy Woosa,2024-04-19T00:00:00,2024-04-19T00:00:00,2024-04-20T00:00:00,USD,1.000000000,Transport Ms. Willy Woosa via stretcher 04/19/24 to Wound Care 150 eagles spring ct Stockbridge GA from patient address: 2601 Oslo Ct. Jonesboro GA 30236,400.000000000,1.0000000000,400.00,32.00,432.00,Paid
221,1006,37,Willy Woosa,2024-04-22T00:00:00,2024-04-22T00:00:00,2024-04-24T00:00:00,USD,1.000000000,"Transport Ms. Willy Woosa via stretcher 04/22/24 to WoundCare 253 Upper Riverdale rd SW Ste A, Riverdale, GA 30274 from patient address: 2601 Oslo Ct. Jonesboro GA 30236",400.000000000,1.0000000000,400.00,32.00,432.00,Paid
225,1007,37,Willy Woosa,2024-04-25T00:00:00,2024-04-25T00:00:00,2024-04-26T00:00:00,USD,1.000000000,"Transport Ms. Willy Woosa via stretcher 04/25/24 to WoundCare 253 Upper Riverdale rd SW Ste A, Riverdale, GA 30274 from patient address: 2601 Oslo Ct. Jonesboro GA 30236",400.000000000,1.0000000000,400.00,32.00,432.00,Paid
229,1008,37,Willy Woosa,2024-04-30T00:00:00,2024-04-30T00:00:00,2024-05-01T00:00:00,USD,1.000000000,"Transport Ms. Willy Woosa via stretcher 04/29/24 to WoundCare 253 Upper Riverdale rd SW Ste A, Riverdale, GA 30274 from patient address: 2601 Oslo Ct. Jonesboro GA 30236",400.000000000,1.0000000000,400.00,32.00,432.00,Paid
233,1009,37,Willy Woosa,2024-05-02T00:00:00,2024-05-02T00:00:00,2024-05-04T00:00:00,USD,1.000000000,"Transport Ms. Willy Woosa via stretcher 05/02/24 to WoundCare 253 Upper Riverdale rd SW Ste A, Riverdale, GA 30274 from patient address: 2601 Oslo Ct. Jonesboro GA 30236",400.000000000,1.0000000000,400.00,32.00,432.00,Paid
237,1010,37,Willy Woosa,2024-05-06T00:00:00,2024-05-06T00:00:00,2024-05-07T00:00:00,USD,1.000000000,"Transport Ms. Willy Woosa via stretcher 05/06/24 to WoundCare 253 Upper Riverdale rd SW Ste A, Riverdale, GA 30274 from patient address: 2601 Oslo Ct. Jonesboro GA 30236",400.000000000,1.0000000000,400.00,32.00,432.00,Paid
915,1011,37,Willy Woosa,2024-05-14T00:00:00,2024-05-14T00:00:00,,USD,1.000000000,"Transport Ms. Willy Woosa via stretcher 05/06/24 to WoundCare 253 Upper Riverdale rd SW Ste A, Riverdale, GA 30274 from patient address: 2601 Oslo Ct. Jonesboro GA 30236",400.000000000,1.0000000000,400.00,32.00,432.00,Submitted
163,1,13,Tina Quagmire,2023-12-26T00:00:00,2023-12-26T00:00:00,,USD,1.000000000,"Transport Ms. Gloria Bradford from 2514 Polaris Way Atlanta GA 30331 to 4735 Bishop Ming Blvd, Stone Mountain GA 30088 Friday December 29th,  2023. Zelle payment to info@mutualcare.co",0E-9,1.0000000000,0.00,0.00,0.00,Void
204,1001,37,Willy Woosa,2024-04-05T00:00:00,2024-04-05T00:00:00,2024-04-05T00:00:00,USD,1.000000000,Transport Ms. Willy Woosa via stretcher to Wound Care Piedmont Henry: 150 Eagle Spring Court Stockbridge GA 30281 from patient address: 2601 Oslo Ct. Jonesboro GA 30236 for 09:00AM appointment.,400.000000000,1.0000000000,400.00,0.00,400.00,Paid
203,002,37,Willy Woosa,2024-04-09T00:00:00,2024-04-10T00:00:00,2024-04-10T00:00:00,USD,1.000000000,Transport Ms. Willy Woosa. via stretcher to WC,400.000000000,1.0000000000,400.00,32.00,432.00,Paid
209,1003,37,Willy Woosa,2024-04-16T00:00:00,2024-04-16T00:00:00,2024-04-17T00:00:00,USD,1.000000000,Transport  Ms. Willy Woosa to Wound Care from patient Home to 150 Eagles Spring Court Stockbridge GA on 4/12/24,400.000000000,1.0000000000,400.00,32.00,864.00,Paid
209,1003,37,Willy Woosa,2024-04-16T00:00:00,2024-04-16T00:00:00,2024-04-17T00:00:00,USD,1.000000000,Transport  Ms. Willy Woosa to Wound Care from patient Home to 150 Eagles Spring Court Stockbridge GA on 4/16/24,400.000000000,1.0000000000,400.00,32.00,864.00,Paid
211,1004,37,Willy Woosa,2024-04-17T00:00:00,2024-04-17T00:00:00,2024-04-18T00:00:00,USD,1.000000000,Transport Ms. Willy Woosa via stretcher 04/17/24 to Digestive HealthCare from patient address: 2601 Oslo Ct. Jonesboro GA 30236,400.000000000,1.0000000000,400.00,32.00,432.00,Paid
217,1005,37,Willy Woosa,2024-04-19T00:00:00,2024-04-19T00:00:00,2024-04-20T00:00:00,USD,1.000000000,Transport Ms. Willy Woosa via stretcher 04/19/24 to Wound Care 150 eagles spring ct Stockbridge GA from patient address: 2601 Oslo Ct. Jonesboro GA 30236,400.000000000,1.0000000000,400.00,32.00,432.00,Paid
221,1006,37,Willy Woosa,2024-04-22T00:00:00,2024-04-22T00:00:00,2024-04-24T00:00:00,USD,1.000000000,"Transport Ms. Willy Woosa via stretcher 04/22/24 to WoundCare 253 Upper Riverdale rd SW Ste A, Riverdale, GA 30274 from patient address: 2601 Oslo Ct. Jonesboro GA 30236",400.000000000,1.0000000000,400.00,32.00,432.00,Paid
225,1007,37,Willy Woosa,2024-04-25T00:00:00,2024-04-25T00:00:00,2024-04-26T00:00:00,USD,1.000000000,"Transport Ms. Willy Woosa via stretcher 04/25/24 to WoundCare 253 Upper Riverdale rd SW Ste A, Riverdale, GA 30274 from patient address: 2601 Oslo Ct. Jonesboro GA 30236",400.000000000,1.0000000000,400.00,32.00,432.00,Paid
229,1008,37,Willy Woosa,2024-04-30T00:00:00,2024-04-30T00:00:00,2024-05-01T00:00:00,USD,1.000000000,"Transport Ms. Willy Woosa via stretcher 04/29/24 to WoundCare 253 Upper Riverdale rd SW Ste A, Riverdale, GA 30274 from patient address: 2601 Oslo Ct. Jonesboro GA 30236",400.000000000,1.0000000000,400.00,32.00,432.00,Paid
233,1009,37,Willy Woosa,2024-05-02T00:00:00,2024-05-02T00:00:00,2024-05-04T00:00:00,USD,1.000000000,"Transport Ms. Willy Woosa via stretcher 05/02/24 to WoundCare 253 Upper Riverdale rd SW Ste A, Riverdale, GA 30274 from patient address: 2601 Oslo Ct. Jonesboro GA 30236",400.000000000,1.0000000000,400.00,32.00,432.00,Paid
237,1010,37,Willy Woosa,2024-05-06T00:00:00,2024-05-06T00:00:00,2024-05-07T00:00:00,USD,1.000000000,"Transport Ms. Willy Woosa via stretcher 05/06/24 to WoundCare 253 Upper Riverdale rd SW Ste A, Riverdale, GA 30274 from patient address: 2601 Oslo Ct. Jonesboro GA 30236",400.000000000,1.0000000000,400.00,32.00,432.00,Paid
915,1011,37,Willy Woosa,2024-05-14T00:00:00,2024-05-14T00:00:00,2024-05-15T00:00:00,USD,1.000000000,"Transport Ms. Willy Woosa via stretcher 05/06/24 to WoundCare 253 Upper Riverdale rd SW Ste A, Riverdale, GA 30274 from patient address: 2601 Oslo Ct. Jonesboro GA 30236",400.000000000,1.0000000000,400.00,32.00,432.00,Paid
163,1,13,Tina Quagmire,2023-12-26T00:00:00,2023-12-26T00:00:00,,USD,1.000000000,"Transport Ms. Gloria Bradford from 2514 Polaris Way Atlanta GA 30331 to 4735 Bishop Ming Blvd, Stone Mountain GA 30088 Friday December 29th,  2023. Zelle payment to info@mutualcare.co",0E-9,1.0000000000,0.00,0.00,0.00,Void
204,1001,37,Willy Woosa,2024-04-05T00:00:00,2024-04-05T00:00:00,2024-04-05T00:00:00,USD,1.000000000,Transport Ms. Willy Woosa via stretcher to Wound Care Piedmont Henry: 150 Eagle Spring Court Stockbridge GA 30281 from patient address: 2601 Oslo Ct. Jonesboro GA 30236 for 09:00AM appointment.,400.000000000,1.0000000000,400.00,0.00,400.00,Paid
203,002,37,Willy Woosa,2024-04-09T00:00:00,2024-04-10T00:00:00,2024-04-10T00:00:00,USD,1.000000000,Transport Ms. Willy Woosa. via stretcher to WC,400.000000000,1.0000000000,400.00,32.00,432.00,Paid
209,1003,37,Willy Woosa,2024-04-16T00:00:00,2024-04-16T00:00:00,2024-04-17T00:00:00,USD,1.000000000,Transport  Ms. Willy Woosa to Wound Care from patient Home to 150 Eagles Spring Court Stockbridge GA on 4/12/24,400.000000000,1.0000000000,400.00,32.00,864.00,Paid
209,1003,37,Willy Woosa,2024-04-16T00:00:00,2024-04-16T00:00:00,2024-04-17T00:00:00,USD,1.000000000,Transport  Ms. Willy Woosa to Wound Care from patient Home to 150 Eagles Spring Court Stockbridge GA on 4/16/24,400.000000000,1.0000000000,400.00,32.00,864.00,Paid
211,1004,37,Willy Woosa,2024-04-17T00:00:00,2024-04-17T00:00:00,2024-04-18T00:00:00,USD,1.000000000,Transport Ms. Willy Woosa via stretcher 04/17/24 to Digestive HealthCare from patient address: 2601 Oslo Ct. Jonesboro GA 30236,400.000000000,1.0000000000,400.00,32.00,432.00,Paid
217,1005,37,Willy Woosa,2024-04-19T00:00:00,2024-04-19T00:00:00,2024-04-20T00:00:00,USD,1.000000000,Transport Ms. Willy Woosa via stretcher 04/19/24 to Wound Care 150 eagles spring ct Stockbridge GA from patient address: 2601 Oslo Ct. Jonesboro GA 30236,400.000000000,1.0000000000,400.00,32.00,432.00,Paid
221,1006,37,Willy Woosa,2024-04-22T00:00:00,2024-04-22T00:00:00,2024-04-24T00:00:00,USD,1.000000000,"Transport Ms. Willy Woosa via stretcher 04/22/24 to WoundCare 253 Upper Riverdale rd SW Ste A, Riverdale, GA 30274 from patient address: 2601 Oslo Ct. Jonesboro GA 30236",400.000000000,1.0000000000,400.00,32.00,432.00,Paid
225,1007,37,Willy Woosa,2024-04-25T00:00:00,2024-04-25T00:00:00,2024-04-26T00:00:00,USD,1.000000000,"Transport Ms. Willy Woosa via stretcher 04/25/24 to WoundCare 253 Upper Riverdale rd SW Ste A, Riverdale, GA 30274 from patient address: 2601 Oslo Ct. Jonesboro GA 30236",400.000000000,1.0000000000,400.00,32.00,432.00,Paid
229,1008,37,Willy Woosa,2024-04-30T00:00:00,2024-04-30T00:00:00,2024-05-01T00:00:00,USD,1.000000000,"Transport Ms. Willy Woosa via stretcher 04/29/24 to WoundCare 253 Upper Riverdale rd SW Ste A, Riverdale, GA 30274 from patient address: 2601 Oslo Ct. Jonesboro GA 30236",400.000000000,1.0000000000,400.00,32.00,432.00,Paid
233,1009,37,Willy Woosa,2024-05-02T00:00:00,2024-05-02T00:00:00,2024-05-04T00:00:00,USD,1.000000000,"Transport Ms. Willy Woosa via stretcher 05/02/24 to WoundCare 253 Upper Riverdale rd SW Ste A, Riverdale, GA 30274 from patient address: 2601 Oslo Ct. Jonesboro GA 30236",400.000000000,1.0000000000,400.00,32.00,432.00,Paid
237,1010,37,Willy Woosa,2024-05-06T00:00:00,2024-05-06T00:00:00,2024-05-07T00:00:00,USD,1.000000000,"Transport Ms. Willy Woosa via stretcher 05/06/24 to WoundCare 253 Upper Riverdale rd SW Ste A, Riverdale, GA 30274 from patient address: 2601 Oslo Ct. Jonesboro GA 30236",400.000000000,1.0000000000,400.00,32.00,432.00,Paid
915,1011,37,Willy Woosa,2024-05-14T00:00:00,2024-05-14T00:00:00,2024-05-15T00:00:00,USD,1.000000000,"Transport Ms. Willy Woosa via stretcher 05/06/24 to WoundCare 253 Upper Riverdale rd SW Ste A, Riverdale, GA 30274 from patient address: 2601 Oslo Ct. Jonesboro GA 30236",400.000000000,1.0000000000,400.00,32.00,432.00,Paid
2165,1012,95,Tim Thomas,2024-06-14T00:00:00,2024-06-14T00:00:00,2024-06-14T00:00:00,USD,1.000000000,Transport Mr. Rowe from his residence at 165 Rosewood Dr. Fayetville GA to his Doctor 1233 SR-54 W Fayetville GA 30214,400.000000000,1.0000000000,400.00,0.00,400.00,Paid
204,1001,37,Willy Woosa,2024-04-05T00:00:00,2024-04-05T00:00:00,2024-04-05T00:00:00,USD,1.000000000,Transport Ms. Willy Woosa via stretcher to Wound Care Piedmont Henry: 150 Eagle Spring Court Stockbridge GA 30281 from patient address: 2601 Oslo Ct. Jonesboro GA 30236 for 09:00AM appointment.,400.000000000,1.0000000000,400.00,0.00,400.00,Paid
203,002,37,Willy Woosa,2024-04-09T00:00:00,2024-04-10T00:00:00,2024-04-10T00:00:00,USD,1.000000000,Transport Ms. Willy Woosa. via stretcher to WC,400.000000000,1.0000000000,400.00,32.00,432.00,Paid
209,1003,37,Willy Woosa,2024-04-16T00:00:00,2024-04-16T00:00:00,2024-04-17T00:00:00,USD,1.000000000,Transport  Ms. Willy Woosa to Wound Care from patient Home to 150 Eagles Spring Court Stockbridge GA on 4/12/24,400.000000000,1.0000000000,400.00,32.00,864.00,Paid
209,1003,37,Willy Woosa,2024-04-16T00:00:00,2024-04-16T00:00:00,2024-04-17T00:00:00,USD,1.000000000,Transport  Ms. Willy Woosa to Wound Care from patient Home to 150 Eagles Spring Court Stockbridge GA on 4/16/24,400.000000000,1.0000000000,400.00,32.00,864.00,Paid
211,1004,37,Willy Woosa,2024-04-17T00:00:00,2024-04-17T00:00:00,2024-04-18T00:00:00,USD,1.000000000,Transport Ms. Willy Woosa via stretcher 04/17/24 to Digestive HealthCare from patient address: 2601 Oslo Ct. Jonesboro GA 30236,400.000000000,1.0000000000,400.00,32.00,432.00,Paid
217,1005,37,Willy Woosa,2024-04-19T00:00:00,2024-04-19T00:00:00,2024-04-20T00:00:00,USD,1.000000000,Transport Ms. Willy Woosa via stretcher 04/19/24 to Wound Care 150 eagles spring ct Stockbridge GA from patient address: 2601 Oslo Ct. Jonesboro GA 30236,400.000000000,1.0000000000,400.00,32.00,432.00,Paid
221,1006,37,Willy Woosa,2024-04-22T00:00:00,2024-04-22T00:00:00,2024-04-24T00:00:00,USD,1.000000000,"Transport Ms. Willy Woosa via stretcher 04/22/24 to WoundCare 253 Upper Riverdale rd SW Ste A, Riverdale, GA 30274 from patient address: 2601 Oslo Ct. Jonesboro GA 30236",400.000000000,1.0000000000,400.00,32.00,432.00,Paid
225,1007,37,Willy Woosa,2024-04-25T00:00:00,2024-04-25T00:00:00,2024-04-26T00:00:00,USD,1.000000000,"Transport Ms. Willy Woosa via stretcher 04/25/24 to WoundCare 253 Upper Riverdale rd SW Ste A, Riverdale, GA 30274 from patient address: 2601 Oslo Ct. Jonesboro GA 30236",400.000000000,1.0000000000,400.00,32.00,432.00,Paid
229,1008,37,Willy Woosa,2024-04-30T00:00:00,2024-04-30T00:00:00,2024-05-01T00:00:00,USD,1.000000000,"Transport Ms. Willy Woosa via stretcher 04/29/24 to WoundCare 253 Upper Riverdale rd SW Ste A, Riverdale, GA 30274 from patient address: 2601 Oslo Ct. Jonesboro GA 30236",400.000000000,1.0000000000,400.00,32.00,432.00,Paid
233,1009,37,Willy Woosa,2024-05-02T00:00:00,2024-05-02T00:00:00,2024-05-04T00:00:00,USD,1.000000000,"Transport Ms. Willy Woosa via stretcher 05/02/24 to WoundCare 253 Upper Riverdale rd SW Ste A, Riverdale, GA 30274 from patient address: 2601 Oslo Ct. Jonesboro GA 30236",400.000000000,1.0000000000,400.00,32.00,432.00,Paid
237,1010,37,Willy Woosa,2024-05-06T00:00:00,2024-05-06T00:00:00,2024-05-07T00:00:00,USD,1.000000000,"Transport Ms. Willy Woosa via stretcher 05/06/24 to WoundCare 253 Upper Riverdale rd SW Ste A, Riverdale, GA 30274 from patient address: 2601 Oslo Ct. Jonesboro GA 30236",400.000000000,1.0000000000,400.00,32.00,432.00,Paid
915,1011,37,Willy Woosa,2024-05-14T00:00:00,2024-05-14T00:00:00,2024-05-15T00:00:00,USD,1.000000000,"Transport Ms. Willy Woosa via stretcher 05/06/24 to WoundCare 253 Upper Riverdale rd SW Ste A, Riverdale, GA 30274 from patient address: 2601 Oslo Ct. Jonesboro GA 30236",400.000000000,1.0000000000,400.00,32.00,432.00,Paid
2165,1012,95,Tim Thomas,2024-06-14T00:00:00,2024-06-14T00:00:00,2024-06-14T00:00:00,USD,1.000000000,Transport Mr. Rowe from his residence at 165 Rosewood Dr. Fayetville GA to his Doctor 1233 SR-54 W Fayetville GA 30214,400.000000000,1.0000000000,400.00,0.00,400.00,Paid
2167,1013,37,Willy Woosa,2024-07-22T00:00:00,2024-07-22T00:00:00,,USD,1.000000000,"Transport Ms. Willy Woosa via stretcher 07/22/24 to Dr's. Appointment 550 Peachtree st NE, Atlanta GA from patient address: 2601 Oslo Ct. Jonesboro GA 30236",400.000000000,1.0000000000,400.00,32.00,432.00,Submitted
204,1001,37,Willy Woosa,2024-04-05T00:00:00,2024-04-05T00:00:00,2024-04-05T00:00:00,USD,1.000000000,Transport Ms. Willy Woosa via stretcher to Wound Care Piedmont Henry: 150 Eagle Spring Court Stockbridge GA 30281 from patient address: 2601 Oslo Ct. Jonesboro GA 30236 for 09:00AM appointment.,400.000000000,1.0000000000,400.00,0.00,400.00,Paid
203,002,37,Willy Woosa,2024-04-09T00:00:00,2024-04-10T00:00:00,2024-04-10T00:00:00,USD,1.000000000,Transport Ms. Willy Woosa. via stretcher to WC,400.000000000,1.0000000000,400.00,32.00,432.00,Paid
209,1003,37,Willy Woosa,2024-04-16T00:00:00,2024-04-16T00:00:00,2024-04-17T00:00:00,USD,1.000000000,Transport  Ms. Willy Woosa to Wound Care from patient Home to 150 Eagles Spring Court Stockbridge GA on 4/12/24,400.000000000,1.0000000000,400.00,32.00,864.00,Paid
209,1003,37,Willy Woosa,2024-04-16T00:00:00,2024-04-16T00:00:00,2024-04-17T00:00:00,USD,1.000000000,Transport  Ms. Willy Woosa to Wound Care from patient Home to 150 Eagles Spring Court Stockbridge GA on 4/16/24,400.000000000,1.0000000000,400.00,32.00,864.00,Paid
211,1004,37,Willy Woosa,2024-04-17T00:00:00,2024-04-17T00:00:00,2024-04-18T00:00:00,USD,1.000000000,Transport Ms. Willy Woosa via stretcher 04/17/24 to Digestive HealthCare from patient address: 2601 Oslo Ct. Jonesboro GA 30236,400.000000000,1.0000000000,400.00,32.00,432.00,Paid
217,1005,37,Willy Woosa,2024-04-19T00:00:00,2024-04-19T00:00:00,2024-04-20T00:00:00,USD,1.000000000,Transport Ms. Willy Woosa via stretcher 04/19/24 to Wound Care 150 eagles spring ct Stockbridge GA from patient address: 2601 Oslo Ct. Jonesboro GA 30236,400.000000000,1.0000000000,400.00,32.00,432.00,Paid
221,1006,37,Willy Woosa,2024-04-22T00:00:00,2024-04-22T00:00:00,2024-04-24T00:00:00,USD,1.000000000,"Transport Ms. Willy Woosa via stretcher 04/22/24 to WoundCare 253 Upper Riverdale rd SW Ste A, Riverdale, GA 30274 from patient address: 2601 Oslo Ct. Jonesboro GA 30236",400.000000000,1.0000000000,400.00,32.00,432.00,Paid
225,1007,37,Willy Woosa,2024-04-25T00:00:00,2024-04-25T00:00:00,2024-04-26T00:00:00,USD,1.000000000,"Transport Ms. Willy Woosa via stretcher 04/25/24 to WoundCare 253 Upper Riverdale rd SW Ste A, Riverdale, GA 30274 from patient address: 2601 Oslo Ct. Jonesboro GA 30236",400.000000000,1.0000000000,400.00,32.00,432.00,Paid
229,1008,37,Willy Woosa,2024-04-30T00:00:00,2024-04-30T00:00:00,2024-05-01T00:00:00,USD,1.000000000,"Transport Ms. Willy Woosa via stretcher 04/29/24 to WoundCare 253 Upper Riverdale rd SW Ste A, Riverdale, GA 30274 from patient address: 2601 Oslo Ct. Jonesboro GA 30236",400.000000000,1.0000000000,400.00,32.00,432.00,Paid
233,1009,37,Willy Woosa,2024-05-02T00:00:00,2024-05-02T00:00:00,2024-05-04T00:00:00,USD,1.000000000,"Transport Ms. Willy Woosa via stretcher 05/02/24 to WoundCare 253 Upper Riverdale rd SW Ste A, Riverdale, GA 30274 from patient address: 2601 Oslo Ct. Jonesboro GA 30236",400.000000000,1.0000000000,400.00,32.00,432.00,Paid
237,1010,37,Willy Woosa,2024-05-06T00:00:00,2024-05-06T00:00:00,2024-05-07T00:00:00,USD,1.000000000,"Transport Ms. Willy Woosa via stretcher 05/06/24 to WoundCare 253 Upper Riverdale rd SW Ste A, Riverdale, GA 30274 from patient address: 2601 Oslo Ct. Jonesboro GA 30236",400.000000000,1.0000000000,400.00,32.00,432.00,Paid
915,1011,37,Willy Woosa,2024-05-14T00:00:00,2024-05-14T00:00:00,2024-05-15T00:00:00,USD,1.000000000,"Transport Ms. Willy Woosa via stretcher 05/06/24 to WoundCare 253 Upper Riverdale rd SW Ste A, Riverdale, GA 30274 from patient address: 2601 Oslo Ct. Jonesboro GA 30236",400.000000000,1.0000000000,400.00,32.00,432.00,Paid
2165,1012,95,Tim Thomas,2024-06-14T00:00:00,2024-06-14T00:00:00,2024-06-14T00:00:00,USD,1.000000000,Transport Mr. Rowe from his residence at 165 Rosewood Dr. Fayetville GA to his Doctor 1233 SR-54 W Fayetville GA 30214,400.000000000,1.0000000000,400.00,0.00,400.00,Paid
2167,1013,37,Willy Woosa,2024-07-22T00:00:00,2024-07-22T00:00:00,2024-07-24T00:00:00,USD,1.000000000,"Transport Ms. Willy Woosa via stretcher 07/22/24 to Dr's. Appointment 550 Peachtree st NE, Atlanta GA from patient address: 2601 Oslo Ct. Jonesboro GA 30236",400.000000000,1.0000000000,400.00,32.00,432.00,Paid
204,1001,37,Willy Woosa,2024-04-05T00:00:00,2024-04-05T00:00:00,2024-04-05T00:00:00,USD,1.000000000,Transport Ms. Willy Woosa via stretcher to Wound Care Piedmont Henry: 150 Eagle Spring Court Stockbridge GA 30281 from patient address: 2601 Oslo Ct. Jonesboro GA 30236 for 09:00AM appointment.,400.000000000,1.0000000000,400.00,0.00,400.00,Paid
203,002,37,Willy Woosa,2024-04-09T00:00:00,2024-04-10T00:00:00,2024-04-10T00:00:00,USD,1.000000000,Transport Ms. Willy Woosa. via stretcher to WC,400.000000000,1.0000000000,400.00,32.00,432.00,Paid
209,1003,37,Willy Woosa,2024-04-16T00:00:00,2024-04-16T00:00:00,2024-04-17T00:00:00,USD,1.000000000,Transport  Ms. Willy Woosa to Wound Care from patient Home to 150 Eagles Spring Court Stockbridge GA on 4/12/24,400.000000000,1.0000000000,400.00,32.00,864.00,Paid
209,1003,37,Willy Woosa,2024-04-16T00:00:00,2024-04-16T00:00:00,2024-04-17T00:00:00,USD,1.000000000,Transport  Ms. Willy Woosa to Wound Care from patient Home to 150 Eagles Spring Court Stockbridge GA on 4/16/24,400.000000000,1.0000000000,400.00,32.00,864.00,Paid
211,1004,37,Willy Woosa,2024-04-17T00:00:00,2024-04-17T00:00:00,2024-04-18T00:00:00,USD,1.000000000,Transport Ms. Willy Woosa via stretcher 04/17/24 to Digestive HealthCare from patient address: 2601 Oslo Ct. Jonesboro GA 30236,400.000000000,1.0000000000,400.00,32.00,432.00,Paid
217,1005,37,Willy Woosa,2024-04-19T00:00:00,2024-04-19T00:00:00,2024-04-20T00:00:00,USD,1.000000000,Transport Ms. Willy Woosa via stretcher 04/19/24 to Wound Care 150 eagles spring ct Stockbridge GA from patient address: 2601 Oslo Ct. Jonesboro GA 30236,400.000000000,1.0000000000,400.00,32.00,432.00,Paid
221,1006,37,Willy Woosa,2024-04-22T00:00:00,2024-04-22T00:00:00,2024-04-24T00:00:00,USD,1.000000000,"Transport Ms. Willy Woosa via stretcher 04/22/24 to WoundCare 253 Upper Riverdale rd SW Ste A, Riverdale, GA 30274 from patient address: 2601 Oslo Ct. Jonesboro GA 30236",400.000000000,1.0000000000,400.00,32.00,432.00,Paid
225,1007,37,Willy Woosa,2024-04-25T00:00:00,2024-04-25T00:00:00,2024-04-26T00:00:00,USD,1.000000000,"Transport Ms. Willy Woosa via stretcher 04/25/24 to WoundCare 253 Upper Riverdale rd SW Ste A, Riverdale, GA 30274 from patient address: 2601 Oslo Ct. Jonesboro GA 30236",400.000000000,1.0000000000,400.00,32.00,432.00,Paid
229,1008,37,Willy Woosa,2024-04-30T00:00:00,2024-04-30T00:00:00,2024-05-01T00:00:00,USD,1.000000000,"Transport Ms. Willy Woosa via stretcher 04/29/24 to WoundCare 253 Upper Riverdale rd SW Ste A, Riverdale, GA 30274 from patient address: 2601 Oslo Ct. Jonesboro GA 30236",400.000000000,1.0000000000,400.00,32.00,432.00,Paid
233,1009,37,Willy Woosa,2024-05-02T00:00:00,2024-05-02T00:00:00,2024-05-04T00:00:00,USD,1.000000000,"Transport Ms. Willy Woosa via stretcher 05/02/24 to WoundCare 253 Upper Riverdale rd SW Ste A, Riverdale, GA 30274 from patient address: 2601 Oslo Ct. Jonesboro GA 30236",400.000000000,1.0000000000,400.00,32.00,432.00,Paid
237,1010,37,Willy Woosa,2024-05-06T00:00:00,2024-05-06T00:00:00,2024-05-07T00:00:00,USD,1.000000000,"Transport Ms. Willy Woosa via stretcher 05/06/24 to WoundCare 253 Upper Riverdale rd SW Ste A, Riverdale, GA 30274 from patient address: 2601 Oslo Ct. Jonesboro GA 30236",400.000000000,1.0000000000,400.00,32.00,432.00,Paid
915,1011,37,Willy Woosa,2024-05-14T00:00:00,2024-05-14T00:00:00,2024-05-15T00:00:00,USD,1.000000000,"Transport Ms. Willy Woosa via stretcher 05/06/24 to WoundCare 253 Upper Riverdale rd SW Ste A, Riverdale, GA 30274 from patient address: 2601 Oslo Ct. Jonesboro GA 30236",400.000000000,1.0000000000,400.00,32.00,432.00,Paid
2165,1012,95,Tim Thomas,2024-06-14T00:00:00,2024-06-14T00:00:00,2024-06-14T00:00:00,USD,1.000000000,Transport Mr. Rowe from his residence at 165 Rosewood Dr. Fayetville GA to his Doctor 1233 SR-54 W Fayetville GA 30214,400.000000000,1.0000000000,400.00,0.00,400.00,Paid
2167,1013,37,Willy Woosa,2024-07-22T00:00:00,2024-07-22T00:00:00,2024-07-24T00:00:00,USD,1.000000000,"Transport Ms. Willy Woosa via stretcher 07/22/24 to Dr's. Appointment 550 Peachtree st NE, Atlanta GA from patient address: 2601 Oslo Ct. Jonesboro GA 30236",400.000000000,1.0000000000,400.00,32.00,432.00,Paid
2171,1014,37,Willy Woosa,2024-07-31T00:00:00,2024-07-31T00:00:00,,USD,1.000000000,Transport Ms. Willy Woosa via stretcher to Piedmont Fayette: 1255 Hwy 54 West Fayetteville GA 30214 from patient address: 2601 Oslo Ct. Jonesboro GA 30236 for 08:00AM appointment.,400.000000000,1.0000000000,400.00,32.00,432.00,Submitted
204,1001,37,Willy Woosa,2024-04-05T00:00:00,2024-04-05T00:00:00,2024-04-05T00:00:00,USD,1.000000000,Transport Ms. Willy Woosa via stretcher to Wound Care Piedmont Henry: 150 Eagle Spring Court Stockbridge GA 30281 from patient address: 2601 Oslo Ct. Jonesboro GA 30236 for 09:00AM appointment.,400.000000000,1.0000000000,400.00,0.00,400.00,Paid
203,002,37,Willy Woosa,2024-04-09T00:00:00,2024-04-10T00:00:00,2024-04-10T00:00:00,USD,1.000000000,Transport Ms. Willy Woosa. via stretcher to WC,400.000000000,1.0000000000,400.00,32.00,432.00,Paid
209,1003,37,Willy Woosa,2024-04-16T00:00:00,2024-04-16T00:00:00,2024-04-17T00:00:00,USD,1.000000000,Transport  Ms. Willy Woosa to Wound Care from patient Home to 150 Eagles Spring Court Stockbridge GA on 4/12/24,400.000000000,1.0000000000,400.00,32.00,864.00,Paid
209,1003,37,Willy Woosa,2024-04-16T00:00:00,2024-04-16T00:00:00,2024-04-17T00:00:00,USD,1.000000000,Transport  Ms. Willy Woosa to Wound Care from patient Home to 150 Eagles Spring Court Stockbridge GA on 4/16/24,400.000000000,1.0000000000,400.00,32.00,864.00,Paid
211,1004,37,Willy Woosa,2024-04-17T00:00:00,2024-04-17T00:00:00,2024-04-18T00:00:00,USD,1.000000000,Transport Ms. Willy Woosa via stretcher 04/17/24 to Digestive HealthCare from patient address: 2601 Oslo Ct. Jonesboro GA 30236,400.000000000,1.0000000000,400.00,32.00,432.00,Paid
217,1005,37,Willy Woosa,2024-04-19T00:00:00,2024-04-19T00:00:00,2024-04-20T00:00:00,USD,1.000000000,Transport Ms. Willy Woosa via stretcher 04/19/24 to Wound Care 150 eagles spring ct Stockbridge GA from patient address: 2601 Oslo Ct. Jonesboro GA 30236,400.000000000,1.0000000000,400.00,32.00,432.00,Paid
221,1006,37,Willy Woosa,2024-04-22T00:00:00,2024-04-22T00:00:00,2024-04-24T00:00:00,USD,1.000000000,"Transport Ms. Willy Woosa via stretcher 04/22/24 to WoundCare 253 Upper Riverdale rd SW Ste A, Riverdale, GA 30274 from patient address: 2601 Oslo Ct. Jonesboro GA 30236",400.000000000,1.0000000000,400.00,32.00,432.00,Paid
225,1007,37,Willy Woosa,2024-04-25T00:00:00,2024-04-25T00:00:00,2024-04-26T00:00:00,USD,1.000000000,"Transport Ms. Willy Woosa via stretcher 04/25/24 to WoundCare 253 Upper Riverdale rd SW Ste A, Riverdale, GA 30274 from patient address: 2601 Oslo Ct. Jonesboro GA 30236",400.000000000,1.0000000000,400.00,32.00,432.00,Paid
229,1008,37,Willy Woosa,2024-04-30T00:00:00,2024-04-30T00:00:00,2024-05-01T00:00:00,USD,1.000000000,"Transport Ms. Willy Woosa via stretcher 04/29/24 to WoundCare 253 Upper Riverdale rd SW Ste A, Riverdale, GA 30274 from patient address: 2601 Oslo Ct. Jonesboro GA 30236",400.000000000,1.0000000000,400.00,32.00,432.00,Paid
233,1009,37,Willy Woosa,2024-05-02T00:00:00,2024-05-02T00:00:00,2024-05-04T00:00:00,USD,1.000000000,"Transport Ms. Willy Woosa via stretcher 05/02/24 to WoundCare 253 Upper Riverdale rd SW Ste A, Riverdale, GA 30274 from patient address: 2601 Oslo Ct. Jonesboro GA 30236",400.000000000,1.0000000000,400.00,32.00,432.00,Paid
237,1010,37,Willy Woosa,2024-05-06T00:00:00,2024-05-06T00:00:00,2024-05-07T00:00:00,USD,1.000000000,"Transport Ms. Willy Woosa via stretcher 05/06/24 to WoundCare 253 Upper Riverdale rd SW Ste A, Riverdale, GA 30274 from patient address: 2601 Oslo Ct. Jonesboro GA 30236",400.000000000,1.0000000000,400.00,32.00,432.00,Paid
915,1011,37,Willy Woosa,2024-05-14T00:00:00,2024-05-14T00:00:00,2024-05-15T00:00:00,USD,1.000000000,"Transport Ms. Willy Woosa via stretcher 05/06/24 to WoundCare 253 Upper Riverdale rd SW Ste A, Riverdale, GA 30274 from patient address: 2601 Oslo Ct. Jonesboro GA 30236",400.000000000,1.0000000000,400.00,32.00,432.00,Paid
2165,1012,95,Tim Thomas,2024-06-14T00:00:00,2024-06-14T00:00:00,2024-06-14T00:00:00,USD,1.000000000,Transport Mr. Rowe from his residence at 165 Rosewood Dr. Fayetville GA to his Doctor 1233 SR-54 W Fayetville GA 30214,400.000000000,1.0000000000,400.00,0.00,400.00,Paid
2167,1013,37,Willy Woosa,2024-07-22T00:00:00,2024-07-22T00:00:00,2024-07-24T00:00:00,USD,1.000000000,"Transport Ms. Willy Woosa via stretcher 07/22/24 to Dr's. Appointment 550 Peachtree st NE, Atlanta GA from patient address: 2601 Oslo Ct. Jonesboro GA 30236",400.000000000,1.0000000000,400.00,32.00,432.00,Paid
2171,1014,37,Willy Woosa,2024-07-31T00:00:00,2024-07-31T00:00:00,,USD,1.000000000,Transport Ms. Willy Woosa via stretcher to Piedmont Fayette: 1255 Hwy 54 West Fayetteville GA 30214 from patient address: 2601 Oslo Ct. Jonesboro GA 30236 for 08:00AM appointment.,400.000000000,1.0000000000,400.00,32.00,432.00,Submitted
2172,1015,37,Willy Woosa,2024-08-02T00:00:00,2024-08-02T00:00:00,,USD,1.000000000,"Transport Ms. Willy Woosa via stretcher to 745 Poplar rd, Newnan GA 30265 from patient address: 2601 Oslo Ct. Jonesboro GA 30236 for 09:00AM appointment.",400.000000000,1.0000000000,400.00,32.00,432.00,Submitted
204,1001,37,Willy Woosa,2024-04-05T00:00:00,2024-04-05T00:00:00,2024-04-05T00:00:00,USD,1.000000000,Transport Ms. Willy Woosa via stretcher to Wound Care Piedmont Henry: 150 Eagle Spring Court Stockbridge GA 30281 from patient address: 2601 Oslo Ct. Jonesboro GA 30236 for 09:00AM appointment.,400.000000000,1.0000000000,400.00,0.00,400.00,Paid
203,002,37,Willy Woosa,2024-04-09T00:00:00,2024-04-10T00:00:00,2024-04-10T00:00:00,USD,1.000000000,Transport Ms. Willy Woosa. via stretcher to WC,400.000000000,1.0000000000,400.00,32.00,432.00,Paid
209,1003,37,Willy Woosa,2024-04-16T00:00:00,2024-04-16T00:00:00,2024-04-17T00:00:00,USD,1.000000000,Transport  Ms. Willy Woosa to Wound Care from patient Home to 150 Eagles Spring Court Stockbridge GA on 4/12/24,400.000000000,1.0000000000,400.00,32.00,864.00,Paid
209,1003,37,Willy Woosa,2024-04-16T00:00:00,2024-04-16T00:00:00,2024-04-17T00:00:00,USD,1.000000000,Transport  Ms. Willy Woosa to Wound Care from patient Home to 150 Eagles Spring Court Stockbridge GA on 4/16/24,400.000000000,1.0000000000,400.00,32.00,864.00,Paid
211,1004,37,Willy Woosa,2024-04-17T00:00:00,2024-04-17T00:00:00,2024-04-18T00:00:00,USD,1.000000000,Transport Ms. Willy Woosa via stretcher 04/17/24 to Digestive HealthCare from patient address: 2601 Oslo Ct. Jonesboro GA 30236,400.000000000,1.0000000000,400.00,32.00,432.00,Paid
217,1005,37,Willy Woosa,2024-04-19T00:00:00,2024-04-19T00:00:00,2024-04-20T00:00:00,USD,1.000000000,Transport Ms. Willy Woosa via stretcher 04/19/24 to Wound Care 150 eagles spring ct Stockbridge GA from patient address: 2601 Oslo Ct. Jonesboro GA 30236,400.000000000,1.0000000000,400.00,32.00,432.00,Paid
221,1006,37,Willy Woosa,2024-04-22T00:00:00,2024-04-22T00:00:00,2024-04-24T00:00:00,USD,1.000000000,"Transport Ms. Willy Woosa via stretcher 04/22/24 to WoundCare 253 Upper Riverdale rd SW Ste A, Riverdale, GA 30274 from patient address: 2601 Oslo Ct. Jonesboro GA 30236",400.000000000,1.0000000000,400.00,32.00,432.00,Paid
225,1007,37,Willy Woosa,2024-04-25T00:00:00,2024-04-25T00:00:00,2024-04-26T00:00:00,USD,1.000000000,"Transport Ms. Willy Woosa via stretcher 04/25/24 to WoundCare 253 Upper Riverdale rd SW Ste A, Riverdale, GA 30274 from patient address: 2601 Oslo Ct. Jonesboro GA 30236",400.000000000,1.0000000000,400.00,32.00,432.00,Paid
229,1008,37,Willy Woosa,2024-04-30T00:00:00,2024-04-30T00:00:00,2024-05-01T00:00:00,USD,1.000000000,"Transport Ms. Willy Woosa via stretcher 04/29/24 to WoundCare 253 Upper Riverdale rd SW Ste A, Riverdale, GA 30274 from patient address: 2601 Oslo Ct. Jonesboro GA 30236",400.000000000,1.0000000000,400.00,32.00,432.00,Paid
233,1009,37,Willy Woosa,2024-05-02T00:00:00,2024-05-02T00:00:00,2024-05-04T00:00:00,USD,1.000000000,"Transport Ms. Willy Woosa via stretcher 05/02/24 to WoundCare 253 Upper Riverdale rd SW Ste A, Riverdale, GA 30274 from patient address: 2601 Oslo Ct. Jonesboro GA 30236",400.000000000,1.0000000000,400.00,32.00,432.00,Paid
237,1010,37,Willy Woosa,2024-05-06T00:00:00,2024-05-06T00:00:00,2024-05-07T00:00:00,USD,1.000000000,"Transport Ms. Willy Woosa via stretcher 05/06/24 to WoundCare 253 Upper Riverdale rd SW Ste A, Riverdale, GA 30274 from patient address: 2601 Oslo Ct. Jonesboro GA 30236",400.000000000,1.0000000000,400.00,32.00,432.00,Paid
915,1011,37,Willy Woosa,2024-05-14T00:00:00,2024-05-14T00:00:00,2024-05-15T00:00:00,USD,1.000000000,"Transport Ms. Willy Woosa via stretcher 05/06/24 to WoundCare 253 Upper Riverdale rd SW Ste A, Riverdale, GA 30274 from patient address: 2601 Oslo Ct. Jonesboro GA 30236",400.000000000,1.0000000000,400.00,32.00,432.00,Paid
2165,1012,95,Tim Thomas,2024-06-14T00:00:00,2024-06-14T00:00:00,2024-06-14T00:00:00,USD,1.000000000,Transport Mr. Rowe from his residence at 165 Rosewood Dr. Fayetville GA to his Doctor 1233 SR-54 W Fayetville GA 30214,400.000000000,1.0000000000,400.00,0.00,400.00,Paid
2167,1013,37,Willy Woosa,2024-07-22T00:00:00,2024-07-22T00:00:00,2024-07-24T00:00:00,USD,1.000000000,"Transport Ms. Willy Woosa via stretcher 07/22/24 to Dr's. Appointment 550 Peachtree st NE, Atlanta GA from patient address: 2601 Oslo Ct. Jonesboro GA 30236",400.000000000,1.0000000000,400.00,32.00,432.00,Paid
2171,1014,37,Willy Woosa,2024-07-31T00:00:00,2024-07-31T00:00:00,2024-08-04T00:00:00,USD,1.000000000,Transport Ms. Willy Woosa via stretcher to Piedmont Fayette: 1255 Hwy 54 West Fayetteville GA 30214 from patient address: 2601 Oslo Ct. Jonesboro GA 30236 for 08:00AM appointment.,400.000000000,1.0000000000,400.00,32.00,432.00,Paid
2172,1015,37,Willy Woosa,2024-08-02T00:00:00,2024-08-02T00:00:00,,USD,1.000000000,"Transport Ms. Willy Woosa via stretcher to 745 Poplar rd, Newnan GA 30265 from patient address: 2601 Oslo Ct. Jonesboro GA 30236 for 09:00AM appointment.",400.000000000,1.0000000000,400.00,32.00,432.00,Submitted
204,1001,37,Willy Woosa,2024-04-05T00:00:00,2024-04-05T00:00:00,2024-04-05T00:00:00,USD,1.000000000,Transport Ms. Willy Woosa via stretcher to Wound Care Piedmont Henry: 150 Eagle Spring Court Stockbridge GA 30281 from patient address: 2601 Oslo Ct. Jonesboro GA 30236 for 09:00AM appointment.,400.000000000,1.0000000000,400.00,0.00,400.00,Paid
203,002,37,Willy Woosa,2024-04-09T00:00:00,2024-04-10T00:00:00,2024-04-10T00:00:00,USD,1.000000000,Transport Ms. Willy Woosa. via stretcher to WC,400.000000000,1.0000000000,400.00,32.00,432.00,Paid
209,1003,37,Willy Woosa,2024-04-16T00:00:00,2024-04-16T00:00:00,2024-04-17T00:00:00,USD,1.000000000,Transport  Ms. Willy Woosa to Wound Care from patient Home to 150 Eagles Spring Court Stockbridge GA on 4/12/24,400.000000000,1.0000000000,400.00,32.00,864.00,Paid
209,1003,37,Willy Woosa,2024-04-16T00:00:00,2024-04-16T00:00:00,2024-04-17T00:00:00,USD,1.000000000,Transport  Ms. Willy Woosa to Wound Care from patient Home to 150 Eagles Spring Court Stockbridge GA on 4/16/24,400.000000000,1.0000000000,400.00,32.00,864.00,Paid
211,1004,37,Willy Woosa,2024-04-17T00:00:00,2024-04-17T00:00:00,2024-04-18T00:00:00,USD,1.000000000,Transport Ms. Willy Woosa via stretcher 04/17/24 to Digestive HealthCare from patient address: 2601 Oslo Ct. Jonesboro GA 30236,400.000000000,1.0000000000,400.00,32.00,432.00,Paid
217,1005,37,Willy Woosa,2024-04-19T00:00:00,2024-04-19T00:00:00,2024-04-20T00:00:00,USD,1.000000000,Transport Ms. Willy Woosa via stretcher 04/19/24 to Wound Care 150 eagles spring ct Stockbridge GA from patient address: 2601 Oslo Ct. Jonesboro GA 30236,400.000000000,1.0000000000,400.00,32.00,432.00,Paid
221,1006,37,Willy Woosa,2024-04-22T00:00:00,2024-04-22T00:00:00,2024-04-24T00:00:00,USD,1.000000000,"Transport Ms. Willy Woosa via stretcher 04/22/24 to WoundCare 253 Upper Riverdale rd SW Ste A, Riverdale, GA 30274 from patient address: 2601 Oslo Ct. Jonesboro GA 30236",400.000000000,1.0000000000,400.00,32.00,432.00,Paid
225,1007,37,Willy Woosa,2024-04-25T00:00:00,2024-04-25T00:00:00,2024-04-26T00:00:00,USD,1.000000000,"Transport Ms. Willy Woosa via stretcher 04/25/24 to WoundCare 253 Upper Riverdale rd SW Ste A, Riverdale, GA 30274 from patient address: 2601 Oslo Ct. Jonesboro GA 30236",400.000000000,1.0000000000,400.00,32.00,432.00,Paid
229,1008,37,Willy Woosa,2024-04-30T00:00:00,2024-04-30T00:00:00,2024-05-01T00:00:00,USD,1.000000000,"Transport Ms. Willy Woosa via stretcher 04/29/24 to WoundCare 253 Upper Riverdale rd SW Ste A, Riverdale, GA 30274 from patient address: 2601 Oslo Ct. Jonesboro GA 30236",400.000000000,1.0000000000,400.00,32.00,432.00,Paid
233,1009,37,Willy Woosa,2024-05-02T00:00:00,2024-05-02T00:00:00,2024-05-04T00:00:00,USD,1.000000000,"Transport Ms. Willy Woosa via stretcher 05/02/24 to WoundCare 253 Upper Riverdale rd SW Ste A, Riverdale, GA 30274 from patient address: 2601 Oslo Ct. Jonesboro GA 30236",400.000000000,1.0000000000,400.00,32.00,432.00,Paid
237,1010,37,Willy Woosa,2024-05-06T00:00:00,2024-05-06T00:00:00,2024-05-07T00:00:00,USD,1.000000000,"Transport Ms. Willy Woosa via stretcher 05/06/24 to WoundCare 253 Upper Riverdale rd SW Ste A, Riverdale, GA 30274 from patient address: 2601 Oslo Ct. Jonesboro GA 30236",400.000000000,1.0000000000,400.00,32.00,432.00,Paid
915,1011,37,Willy Woosa,2024-05-14T00:00:00,2024-05-14T00:00:00,2024-05-15T00:00:00,USD,1.000000000,"Transport Ms. Willy Woosa via stretcher 05/06/24 to WoundCare 253 Upper Riverdale rd SW Ste A, Riverdale, GA 30274 from patient address: 2601 Oslo Ct. Jonesboro GA 30236",400.000000000,1.0000000000,400.00,32.00,432.00,Paid
2165,1012,95,Tim Thomas,2024-06-14T00:00:00,2024-06-14T00:00:00,2024-06-14T00:00:00,USD,1.000000000,Transport Mr. Rowe from his residence at 165 Rosewood Dr. Fayetville GA to his Doctor 1233 SR-54 W Fayetville GA 30214,400.000000000,1.0000000000,400.00,0.00,400.00,Paid
2167,1013,37,Willy Woosa,2024-07-22T00:00:00,2024-07-22T00:00:00,2024-07-24T00:00:00,USD,1.000000000,"Transport Ms. Willy Woosa via stretcher 07/22/24 to Dr's. Appointment 550 Peachtree st NE, Atlanta GA from patient address: 2601 Oslo Ct. Jonesboro GA 30236",400.000000000,1.0000000000,400.00,32.00,432.00,Paid
2171,1014,37,Willy Woosa,2024-07-31T00:00:00,2024-07-31T00:00:00,2024-08-04T00:00:00,USD,1.000000000,Transport Ms. Willy Woosa via stretcher to Piedmont Fayette: 1255 Hwy 54 West Fayetteville GA 30214 from patient address: 2601 Oslo Ct. Jonesboro GA 30236 for 08:00AM appointment.,400.000000000,1.0000000000,400.00,32.00,432.00,Paid
2172,1015,37,Willy Woosa,2024-08-02T00:00:00,2024-08-02T00:00:00,,USD,1.000000000,"Transport Ms. Willy Woosa via stretcher to 745 Poplar rd, Newnan GA 30265 from patient address: 2601 Oslo Ct. Jonesboro GA 30236 for 09:00AM appointment.",400.000000000,1.0000000000,400.00,32.00,432.00,Submitted
204,1001,37,Willy Woosa,2024-04-05T00:00:00,2024-04-05T00:00:00,2024-04-05T00:00:00,USD,1.000000000,Transport Ms. Willy Woosa via stretcher to Wound Care Piedmont Henry: 150 Eagle Spring Court Stockbridge GA 30281 from patient address: 2601 Oslo Ct. Jonesboro GA 30236 for 09:00AM appointment.,400.000000000,1.0000000000,400.00,0.00,400.00,Paid
203,002,37,Willy Woosa,2024-04-09T00:00:00,2024-04-10T00:00:00,2024-04-10T00:00:00,USD,1.000000000,Transport Ms. Willy Woosa. via stretcher to WC,400.000000000,1.0000000000,400.00,32.00,432.00,Paid
209,1003,37,Willy Woosa,2024-04-16T00:00:00,2024-04-16T00:00:00,2024-04-17T00:00:00,USD,1.000000000,Transport  Ms. Willy Woosa to Wound Care from patient Home to 150 Eagles Spring Court Stockbridge GA on 4/12/24,400.000000000,1.0000000000,400.00,32.00,864.00,Paid
209,1003,37,Willy Woosa,2024-04-16T00:00:00,2024-04-16T00:00:00,2024-04-17T00:00:00,USD,1.000000000,Transport  Ms. Willy Woosa to Wound Care from patient Home to 150 Eagles Spring Court Stockbridge GA on 4/16/24,400.000000000,1.0000000000,400.00,32.00,864.00,Paid
211,1004,37,Willy Woosa,2024-04-17T00:00:00,2024-04-17T00:00:00,2024-04-18T00:00:00,USD,1.000000000,Transport Ms. Willy Woosa via stretcher 04/17/24 to Digestive HealthCare from patient address: 2601 Oslo Ct. Jonesboro GA 30236,400.000000000,1.0000000000,400.00,32.00,432.00,Paid
217,1005,37,Willy Woosa,2024-04-19T00:00:00,2024-04-19T00:00:00,2024-04-20T00:00:00,USD,1.000000000,Transport Ms. Willy Woosa via stretcher 04/19/24 to Wound Care 150 eagles spring ct Stockbridge GA from patient address: 2601 Oslo Ct. Jonesboro GA 30236,400.000000000,1.0000000000,400.00,32.00,432.00,Paid
221,1006,37,Willy Woosa,2024-04-22T00:00:00,2024-04-22T00:00:00,2024-04-24T00:00:00,USD,1.000000000,"Transport Ms. Willy Woosa via stretcher 04/22/24 to WoundCare 253 Upper Riverdale rd SW Ste A, Riverdale, GA 30274 from patient address: 2601 Oslo Ct. Jonesboro GA 30236",400.000000000,1.0000000000,400.00,32.00,432.00,Paid
225,1007,37,Willy Woosa,2024-04-25T00:00:00,2024-04-25T00:00:00,2024-04-26T00:00:00,USD,1.000000000,"Transport Ms. Willy Woosa via stretcher 04/25/24 to WoundCare 253 Upper Riverdale rd SW Ste A, Riverdale, GA 30274 from patient address: 2601 Oslo Ct. Jonesboro GA 30236",400.000000000,1.0000000000,400.00,32.00,432.00,Paid
229,1008,37,Willy Woosa,2024-04-30T00:00:00,2024-04-30T00:00:00,2024-05-01T00:00:00,USD,1.000000000,"Transport Ms. Willy Woosa via stretcher 04/29/24 to WoundCare 253 Upper Riverdale rd SW Ste A, Riverdale, GA 30274 from patient address: 2601 Oslo Ct. Jonesboro GA 30236",400.000000000,1.0000000000,400.00,32.00,432.00,Paid
233,1009,37,Willy Woosa,2024-05-02T00:00:00,2024-05-02T00:00:00,2024-05-04T00:00:00,USD,1.000000000,"Transport Ms. Willy Woosa via stretcher 05/02/24 to WoundCare 253 Upper Riverdale rd SW Ste A, Riverdale, GA 30274 from patient address: 2601 Oslo Ct. Jonesboro GA 30236",400.000000000,1.0000000000,400.00,32.00,432.00,Paid
237,1010,37,Willy Woosa,2024-05-06T00:00:00,2024-05-06T00:00:00,2024-05-07T00:00:00,USD,1.000000000,"Transport Ms. Willy Woosa via stretcher 05/06/24 to WoundCare 253 Upper Riverdale rd SW Ste A, Riverdale, GA 30274 from patient address: 2601 Oslo Ct. Jonesboro GA 30236",400.000000000,1.0000000000,400.00,32.00,432.00,Paid
915,1011,37,Willy Woosa,2024-05-14T00:00:00,2024-05-14T00:00:00,2024-05-15T00:00:00,USD,1.000000000,"Transport Ms. Willy Woosa via stretcher 05/06/24 to WoundCare 253 Upper Riverdale rd SW Ste A, Riverdale, GA 30274 from patient address: 2601 Oslo Ct. Jonesboro GA 30236",400.000000000,1.0000000000,400.00,32.00,432.00,Paid
2165,1012,95,Tim Thomas,2024-06-14T00:00:00,2024-06-14T00:00:00,2024-06-14T00:00:00,USD,1.000000000,Transport Mr. Rowe from his residence at 165 Rosewood Dr. Fayetville GA to his Doctor 1233 SR-54 W Fayetville GA 30214,400.000000000,1.0000000000,400.00,0.00,400.00,Paid
2167,1013,37,Willy Woosa,2024-07-22T00:00:00,2024-07-22T00:00:00,2024-07-24T00:00:00,USD,1.000000000,"Transport Ms. Willy Woosa via stretcher 07/22/24 to Dr's. Appointment 550 Peachtree st NE, Atlanta GA from patient address: 2601 Oslo Ct. Jonesboro GA 30236",400.000000000,1.0000000000,400.00,32.00,432.00,Paid
2171,1014,37,Willy Woosa,2024-07-31T00:00:00,2024-07-31T00:00:00,2024-08-04T00:00:00,USD,1.000000000,Transport Ms. Willy Woosa via stretcher to Piedmont Fayette: 1255 Hwy 54 West Fayetteville GA 30214 from patient address: 2601 Oslo Ct. Jonesboro GA 30236 for 08:00AM appointment.,400.000000000,1.0000000000,400.00,32.00,432.00,Paid
2172,1015,37,Willy Woosa,2024-08-02T00:00:00,2024-08-02T00:00:00,,USD,1.000000000,"Transport Ms. Willy Woosa via stretcher to 745 Poplar rd, Newnan GA 30265 from patient address: 2601 Oslo Ct. Jonesboro GA 30236 for 09:00AM appointment.",400.000000000,1.0000000000,400.00,32.00,432.00,Submitted
204,1001,37,Willy Woosa,2024-04-05T00:00:00,2024-04-05T00:00:00,2024-04-05T00:00:00,USD,1.000000000,Transport Ms. Willy Woosa via stretcher to Wound Care Piedmont Henry: 150 Eagle Spring Court Stockbridge GA 30281 from patient address: 2601 Oslo Ct. Jonesboro GA 30236 for 09:00AM appointment.,400.000000000,1.0000000000,400.00,0.00,400.00,Paid
203,002,37,Willy Woosa,2024-04-09T00:00:00,2024-04-10T00:00:00,2024-04-10T00:00:00,USD,1.000000000,Transport Ms. Willy Woosa. via stretcher to WC,400.000000000,1.0000000000,400.00,32.00,432.00,Paid
209,1003,37,Willy Woosa,2024-04-16T00:00:00,2024-04-16T00:00:00,2024-04-17T00:00:00,USD,1.000000000,Transport  Ms. Willy Woosa to Wound Care from patient Home to 150 Eagles Spring Court Stockbridge GA on 4/12/24,400.000000000,1.0000000000,400.00,32.00,864.00,Paid
209,1003,37,Willy Woosa,2024-04-16T00:00:00,2024-04-16T00:00:00,2024-04-17T00:00:00,USD,1.000000000,Transport  Ms. Willy Woosa to Wound Care from patient Home to 150 Eagles Spring Court Stockbridge GA on 4/16/24,400.000000000,1.0000000000,400.00,32.00,864.00,Paid
211,1004,37,Willy Woosa,2024-04-17T00:00:00,2024-04-17T00:00:00,2024-04-18T00:00:00,USD,1.000000000,Transport Ms. Willy Woosa via stretcher 04/17/24 to Digestive HealthCare from patient address: 2601 Oslo Ct. Jonesboro GA 30236,400.000000000,1.0000000000,400.00,32.00,432.00,Paid
217,1005,37,Willy Woosa,2024-04-19T00:00:00,2024-04-19T00:00:00,2024-04-20T00:00:00,USD,1.000000000,Transport Ms. Willy Woosa via stretcher 04/19/24 to Wound Care 150 eagles spring ct Stockbridge GA from patient address: 2601 Oslo Ct. Jonesboro GA 30236,400.000000000,1.0000000000,400.00,32.00,432.00,Paid
221,1006,37,Willy Woosa,2024-04-22T00:00:00,2024-04-22T00:00:00,2024-04-24T00:00:00,USD,1.000000000,"Transport Ms. Willy Woosa via stretcher 04/22/24 to WoundCare 253 Upper Riverdale rd SW Ste A, Riverdale, GA 30274 from patient address: 2601 Oslo Ct. Jonesboro GA 30236",400.000000000,1.0000000000,400.00,32.00,432.00,Paid
225,1007,37,Willy Woosa,2024-04-25T00:00:00,2024-04-25T00:00:00,2024-04-26T00:00:00,USD,1.000000000,"Transport Ms. Willy Woosa via stretcher 04/25/24 to WoundCare 253 Upper Riverdale rd SW Ste A, Riverdale, GA 30274 from patient address: 2601 Oslo Ct. Jonesboro GA 30236",400.000000000,1.0000000000,400.00,32.00,432.00,Paid
229,1008,37,Willy Woosa,2024-04-30T00:00:00,2024-04-30T00:00:00,2024-05-01T00:00:00,USD,1.000000000,"Transport Ms. Willy Woosa via stretcher 04/29/24 to WoundCare 253 Upper Riverdale rd SW Ste A, Riverdale, GA 30274 from patient address: 2601 Oslo Ct. Jonesboro GA 30236",400.000000000,1.0000000000,400.00,32.00,432.00,Paid
233,1009,37,Willy Woosa,2024-05-02T00:00:00,2024-05-02T00:00:00,2024-05-04T00:00:00,USD,1.000000000,"Transport Ms. Willy Woosa via stretcher 05/02/24 to WoundCare 253 Upper Riverdale rd SW Ste A, Riverdale, GA 30274 from patient address: 2601 Oslo Ct. Jonesboro GA 30236",400.000000000,1.0000000000,400.00,32.00,432.00,Paid
237,1010,37,Willy Woosa,2024-05-06T00:00:00,2024-05-06T00:00:00,2024-05-07T00:00:00,USD,1.000000000,"Transport Ms. Willy Woosa via stretcher 05/06/24 to WoundCare 253 Upper Riverdale rd SW Ste A, Riverdale, GA 30274 from patient address: 2601 Oslo Ct. Jonesboro GA 30236",400.000000000,1.0000000000,400.00,32.00,432.00,Paid
915,1011,37,Willy Woosa,2024-05-14T00:00:00,2024-05-14T00:00:00,2024-05-15T00:00:00,USD,1.000000000,"Transport Ms. Willy Woosa via stretcher 05/06/24 to WoundCare 253 Upper Riverdale rd SW Ste A, Riverdale, GA 30274 from patient address: 2601 Oslo Ct. Jonesboro GA 30236",400.000000000,1.0000000000,400.00,32.00,432.00,Paid
2165,1012,95,Tim Thomas,2024-06-14T00:00:00,2024-06-14T00:00:00,2024-06-14T00:00:00,USD,1.000000000,Transport Mr. Rowe from his residence at 165 Rosewood Dr. Fayetville GA to his Doctor 1233 SR-54 W Fayetville GA 30214,400.000000000,1.0000000000,400.00,0.00,400.00,Paid
2167,1013,37,Willy Woosa,2024-07-22T00:00:00,2024-07-22T00:00:00,2024-07-24T00:00:00,USD,1.000000000,"Transport Ms. Willy Woosa via stretcher 07/22/24 to Dr's. Appointment 550 Peachtree st NE, Atlanta GA from patient address: 2601 Oslo Ct. Jonesboro GA 30236",400.000000000,1.0000000000,400.00,32.00,432.00,Paid
2171,1014,37,Willy Woosa,2024-07-31T00:00:00,2024-07-31T00:00:00,2024-08-04T00:00:00,USD,1.000000000,Transport Ms. Willy Woosa via stretcher to Piedmont Fayette: 1255 Hwy 54 West Fayetteville GA 30214 from patient address: 2601 Oslo Ct. Jonesboro GA 30236 for 08:00AM appointment.,400.000000000,1.0000000000,400.00,32.00,432.00,Paid
2172,1015,37,Willy Woosa,2024-08-02T00:00:00,2024-08-02T00:00:00,2024-08-26T00:00:00,USD,1.000000000,"Transport Ms. Willy Woosa via stretcher to 745 Poplar rd, Newnan GA 30265 from patient address: 2601 Oslo Ct. Jonesboro GA 30236 for 09:00AM appointment.",400.000000000,1.0000000000,400.00,32.00,432.00,Paid
204,1001,37,Willy Woosa,2024-04-05T00:00:00,2024-04-05T00:00:00,2024-04-05T00:00:00,USD,1.000000000,Transport Ms. Willy Woosa via stretcher to Wound Care Piedmont Henry: 150 Eagle Spring Court Stockbridge GA 30281 from patient address: 2601 Oslo Ct. Jonesboro GA 30236 for 09:00AM appointment.,400.000000000,1.0000000000,400.00,0.00,400.00,Paid
203,002,37,Willy Woosa,2024-04-09T00:00:00,2024-04-10T00:00:00,2024-04-10T00:00:00,USD,1.000000000,Transport Ms. Willy Woosa. via stretcher to WC,400.000000000,1.0000000000,400.00,32.00,432.00,Paid
209,1003,37,Willy Woosa,2024-04-16T00:00:00,2024-04-16T00:00:00,2024-04-17T00:00:00,USD,1.000000000,Transport  Ms. Willy Woosa to Wound Care from patient Home to 150 Eagles Spring Court Stockbridge GA on 4/12/24,400.000000000,1.0000000000,400.00,32.00,864.00,Paid
209,1003,37,Willy Woosa,2024-04-16T00:00:00,2024-04-16T00:00:00,2024-04-17T00:00:00,USD,1.000000000,Transport  Ms. Willy Woosa to Wound Care from patient Home to 150 Eagles Spring Court Stockbridge GA on 4/16/24,400.000000000,1.0000000000,400.00,32.00,864.00,Paid
211,1004,37,Willy Woosa,2024-04-17T00:00:00,2024-04-17T00:00:00,2024-04-18T00:00:00,USD,1.000000000,Transport Ms. Willy Woosa via stretcher 04/17/24 to Digestive HealthCare from patient address: 2601 Oslo Ct. Jonesboro GA 30236,400.000000000,1.0000000000,400.00,32.00,432.00,Paid
217,1005,37,Willy Woosa,2024-04-19T00:00:00,2024-04-19T00:00:00,2024-04-20T00:00:00,USD,1.000000000,Transport Ms. Willy Woosa via stretcher 04/19/24 to Wound Care 150 eagles spring ct Stockbridge GA from patient address: 2601 Oslo Ct. Jonesboro GA 30236,400.000000000,1.0000000000,400.00,32.00,432.00,Paid
221,1006,37,Willy Woosa,2024-04-22T00:00:00,2024-04-22T00:00:00,2024-04-24T00:00:00,USD,1.000000000,"Transport Ms. Willy Woosa via stretcher 04/22/24 to WoundCare 253 Upper Riverdale rd SW Ste A, Riverdale, GA 30274 from patient address: 2601 Oslo Ct. Jonesboro GA 30236",400.000000000,1.0000000000,400.00,32.00,432.00,Paid
225,1007,37,Willy Woosa,2024-04-25T00:00:00,2024-04-25T00:00:00,2024-04-26T00:00:00,USD,1.000000000,"Transport Ms. Willy Woosa via stretcher 04/25/24 to WoundCare 253 Upper Riverdale rd SW Ste A, Riverdale, GA 30274 from patient address: 2601 Oslo Ct. Jonesboro GA 30236",400.000000000,1.0000000000,400.00,32.00,432.00,Paid
229,1008,37,Willy Woosa,2024-04-30T00:00:00,2024-04-30T00:00:00,2024-05-01T00:00:00,USD,1.000000000,"Transport Ms. Willy Woosa via stretcher 04/29/24 to WoundCare 253 Upper Riverdale rd SW Ste A, Riverdale, GA 30274 from patient address: 2601 Oslo Ct. Jonesboro GA 30236",400.000000000,1.0000000000,400.00,32.00,432.00,Paid
233,1009,37,Willy Woosa,2024-05-02T00:00:00,2024-05-02T00:00:00,2024-05-04T00:00:00,USD,1.000000000,"Transport Ms. Willy Woosa via stretcher 05/02/24 to WoundCare 253 Upper Riverdale rd SW Ste A, Riverdale, GA 30274 from patient address: 2601 Oslo Ct. Jonesboro GA 30236",400.000000000,1.0000000000,400.00,32.00,432.00,Paid
237,1010,37,Willy Woosa,2024-05-06T00:00:00,2024-05-06T00:00:00,2024-05-07T00:00:00,USD,1.000000000,"Transport Ms. Willy Woosa via stretcher 05/06/24 to WoundCare 253 Upper Riverdale rd SW Ste A, Riverdale, GA 30274 from patient address: 2601 Oslo Ct. Jonesboro GA 30236",400.000000000,1.0000000000,400.00,32.00,432.00,Paid
915,1011,37,Willy Woosa,2024-05-14T00:00:00,2024-05-14T00:00:00,2024-05-15T00:00:00,USD,1.000000000,"Transport Ms. Willy Woosa via stretcher 05/06/24 to WoundCare 253 Upper Riverdale rd SW Ste A, Riverdale, GA 30274 from patient address: 2601 Oslo Ct. Jonesboro GA 30236",400.000000000,1.0000000000,400.00,32.00,432.00,Paid
2165,1012,95,Tim Thomas,2024-06-14T00:00:00,2024-06-14T00:00:00,2024-06-14T00:00:00,USD,1.000000000,Transport Mr. Rowe from his residence at 165 Rosewood Dr. Fayetville GA to his Doctor 1233 SR-54 W Fayetville GA 30214,400.000000000,1.0000000000,400.00,0.00,400.00,Paid
2167,1013,37,Willy Woosa,2024-07-22T00:00:00,2024-07-22T00:00:00,2024-07-24T00:00:00,USD,1.000000000,"Transport Ms. Willy Woosa via stretcher 07/22/24 to Dr's. Appointment 550 Peachtree st NE, Atlanta GA from patient address: 2601 Oslo Ct. Jonesboro GA 30236",400.000000000,1.0000000000,400.00,32.00,432.00,Paid
2171,1014,37,Willy Woosa,2024-07-31T00:00:00,2024-07-31T00:00:00,2024-08-04T00:00:00,USD,1.000000000,Transport Ms. Willy Woosa via stretcher to Piedmont Fayette: 1255 Hwy 54 West Fayetteville GA 30214 from patient address: 2601 Oslo Ct. Jonesboro GA 30236 for 08:00AM appointment.,400.000000000,1.0000000000,400.00,32.00,432.00,Paid
2172,1015,37,Willy Woosa,2024-08-02T00:00:00,2024-08-02T00:00:00,2024-08-26T00:00:00,USD,1.000000000,"Transport Ms. Willy Woosa via stretcher to 745 Poplar rd, Newnan GA 30265 from patient address: 2601 Oslo Ct. Jonesboro GA 30236 for 09:00AM appointment.",400.000000000,1.0000000000,400.00,32.00,432.00,Paid
2179,,113,Billy Bob,2024-09-12T00:00:00,2024-09-12T00:00:00,,USD,1.000000000,Opening Balance,561.660000000,1.0000000000,561.66,0.00,561.66,Submitted
2180,1016,113,Billy Bob,2024-09-12T00:00:00,2024-09-12T00:00:00,2024-09-12T00:00:00,USD,1.000000000,Patient Balance Billing,561.660000000,1.0000000000,561.66,44.93,606.59,Paid
