Payment ID,Customer ID,Customer Company Name,Account ID,Account Name,Payment Method ID,Total Amount,Currency,Currency Rate,Payment Date,Note,Invoice ID,Linked Invoice Amount,Linked Invoice Currency Rate
205,37,Willy Woosa,56,Payments to deposit,6,400.00,USD,1.000000000,2024-04-05T00:00:00,Paid via QuickBooks Payments: Payment ID 02623D,204,-400.00,1.000000000
205,37,Willy Woosa,56,Payments to deposit,6,400.00,USD,1.000000000,2024-04-05T00:00:00,Paid via QuickBooks Payments: Payment ID 02623D,204,-400.00,1.000000000
206,37,Willy Woosa,56,Payments to deposit,6,432.00,USD,1.000000000,2024-04-10T00:00:00,Paid via QuickBooks Payments: Payment ID 05237D,203,-432.00,1.000000000
205,37,Willy Woosa,56,Payments to deposit,6,400.00,USD,1.000000000,2024-04-05T00:00:00,Paid via QuickBooks Payments: Payment ID 02623D,204,-400.00,1.000000000
206,37,Willy Woosa,56,Payments to deposit,6,432.00,USD,1.000000000,2024-04-10T00:00:00,Paid via QuickBooks Payments: Payment ID 05237D,203,-432.00,1.000000000
210,37,Willy Woosa,56,Payments to deposit,6,864.00,USD,1.000000000,2024-04-17T00:00:00,Paid via QuickBooks Payments: Payment ID 03370D,209,-864.00,1.000000000
205,37,Willy Woosa,56,Payments to deposit,6,400.00,USD,1.000000000,2024-04-05T00:00:00,Paid via QuickBooks Payments: Payment ID 02623D,204,-400.00,1.000000000
206,37,Willy Woosa,56,Payments to deposit,6,432.00,USD,1.000000000,2024-04-10T00:00:00,Paid via QuickBooks Payments: Payment ID 05237D,203,-432.00,1.000000000
210,37,Willy Woosa,56,Payments to deposit,6,864.00,USD,1.000000000,2024-04-17T00:00:00,Paid via QuickBooks Payments: Payment ID 03370D,209,-864.00,1.000000000
214,37,Willy Woosa,56,Payments to deposit,6,432.00,USD,1.000000000,2024-04-18T00:00:00,Paid via QuickBooks Payments: Payment ID 241360,211,-432.00,1.000000000
205,37,Willy Woosa,56,Payments to deposit,6,400.00,USD,1.000000000,2024-04-05T00:00:00,Paid via QuickBooks Payments: Payment ID 02623D,204,-400.00,1.000000000
206,37,Willy Woosa,56,Payments to deposit,6,432.00,USD,1.000000000,2024-04-10T00:00:00,Paid via QuickBooks Payments: Payment ID 05237D,203,-432.00,1.000000000
210,37,Willy Woosa,56,Payments to deposit,6,864.00,USD,1.000000000,2024-04-17T00:00:00,Paid via QuickBooks Payments: Payment ID 03370D,209,-864.00,1.000000000
214,37,Willy Woosa,56,Payments to deposit,6,432.00,USD,1.000000000,2024-04-18T00:00:00,Paid via QuickBooks Payments: Payment ID 241360,211,-432.00,1.000000000
218,37,Willy Woosa,56,Payments to deposit,6,432.00,USD,1.000000000,2024-04-20T00:00:00,Paid via QuickBooks Payments: Payment ID 07948D,217,-432.00,1.000000000
205,37,Willy Woosa,56,Payments to deposit,6,400.00,USD,1.000000000,2024-04-05T00:00:00,Paid via QuickBooks Payments: Payment ID 02623D,204,-400.00,1.000000000
206,37,Willy Woosa,56,Payments to deposit,6,432.00,USD,1.000000000,2024-04-10T00:00:00,Paid via QuickBooks Payments: Payment ID 05237D,203,-432.00,1.000000000
210,37,Willy Woosa,56,Payments to deposit,6,864.00,USD,1.000000000,2024-04-17T00:00:00,Paid via QuickBooks Payments: Payment ID 03370D,209,-864.00,1.000000000
214,37,Willy Woosa,56,Payments to deposit,6,432.00,USD,1.000000000,2024-04-18T00:00:00,Paid via QuickBooks Payments: Payment ID 241360,211,-432.00,1.000000000
218,37,Willy Woosa,56,Payments to deposit,6,432.00,USD,1.000000000,2024-04-20T00:00:00,Paid via QuickBooks Payments: Payment ID 07948D,217,-432.00,1.000000000
222,37,Willy Woosa,56,Payments to deposit,6,432.00,USD,1.000000000,2024-04-24T00:00:00,Paid via QuickBooks Payments: Payment ID 243764,221,-432.00,1.000000000
205,37,Willy Woosa,56,Payments to deposit,6,400.00,USD,1.000000000,2024-04-05T00:00:00,Paid via QuickBooks Payments: Payment ID 02623D,204,-400.00,1.000000000
206,37,Willy Woosa,56,Payments to deposit,6,432.00,USD,1.000000000,2024-04-10T00:00:00,Paid via QuickBooks Payments: Payment ID 05237D,203,-432.00,1.000000000
210,37,Willy Woosa,56,Payments to deposit,6,864.00,USD,1.000000000,2024-04-17T00:00:00,Paid via QuickBooks Payments: Payment ID 03370D,209,-864.00,1.000000000
214,37,Willy Woosa,56,Payments to deposit,6,432.00,USD,1.000000000,2024-04-18T00:00:00,Paid via QuickBooks Payments: Payment ID 241360,211,-432.00,1.000000000
218,37,Willy Woosa,56,Payments to deposit,6,432.00,USD,1.000000000,2024-04-20T00:00:00,Paid via QuickBooks Payments: Payment ID 07948D,217,-432.00,1.000000000
222,37,Willy Woosa,56,Payments to deposit,6,432.00,USD,1.000000000,2024-04-24T00:00:00,Paid via QuickBooks Payments: Payment ID 243764,221,-432.00,1.000000000
226,37,Willy Woosa,56,Payments to deposit,6,432.00,USD,1.000000000,2024-04-26T00:00:00,Paid via QuickBooks Payments: Payment ID 286936,225,-432.00,1.000000000
205,37,Willy Woosa,56,Payments to deposit,6,400.00,USD,1.000000000,2024-04-05T00:00:00,Paid via QuickBooks Payments: Payment ID 02623D,204,-400.00,1.000000000
206,37,Willy Woosa,56,Payments to deposit,6,432.00,USD,1.000000000,2024-04-10T00:00:00,Paid via QuickBooks Payments: Payment ID 05237D,203,-432.00,1.000000000
210,37,Willy Woosa,56,Payments to deposit,6,864.00,USD,1.000000000,2024-04-17T00:00:00,Paid via QuickBooks Payments: Payment ID 03370D,209,-864.00,1.000000000
214,37,Willy Woosa,56,Payments to deposit,6,432.00,USD,1.000000000,2024-04-18T00:00:00,Paid via QuickBooks Payments: Payment ID 241360,211,-432.00,1.000000000
218,37,Willy Woosa,56,Payments to deposit,6,432.00,USD,1.000000000,2024-04-20T00:00:00,Paid via QuickBooks Payments: Payment ID 07948D,217,-432.00,1.000000000
222,37,Willy Woosa,56,Payments to deposit,6,432.00,USD,1.000000000,2024-04-24T00:00:00,Paid via QuickBooks Payments: Payment ID 243764,221,-432.00,1.000000000
226,37,Willy Woosa,56,Payments to deposit,6,432.00,USD,1.000000000,2024-04-26T00:00:00,Paid via QuickBooks Payments: Payment ID 286936,225,-432.00,1.000000000
230,37,Willy Woosa,56,Payments to deposit,6,432.00,USD,1.000000000,2024-05-01T00:00:00,Paid via QuickBooks Payments: Payment ID 241925,229,-432.00,1.000000000
205,37,Willy Woosa,56,Payments to deposit,6,400.00,USD,1.000000000,2024-04-05T00:00:00,Paid via QuickBooks Payments: Payment ID 02623D,204,-400.00,1.000000000
206,37,Willy Woosa,56,Payments to deposit,6,432.00,USD,1.000000000,2024-04-10T00:00:00,Paid via QuickBooks Payments: Payment ID 05237D,203,-432.00,1.000000000
210,37,Willy Woosa,56,Payments to deposit,6,864.00,USD,1.000000000,2024-04-17T00:00:00,Paid via QuickBooks Payments: Payment ID 03370D,209,-864.00,1.000000000
214,37,Willy Woosa,56,Payments to deposit,6,432.00,USD,1.000000000,2024-04-18T00:00:00,Paid via QuickBooks Payments: Payment ID 241360,211,-432.00,1.000000000
218,37,Willy Woosa,56,Payments to deposit,6,432.00,USD,1.000000000,2024-04-20T00:00:00,Paid via QuickBooks Payments: Payment ID 07948D,217,-432.00,1.000000000
222,37,Willy Woosa,56,Payments to deposit,6,432.00,USD,1.000000000,2024-04-24T00:00:00,Paid via QuickBooks Payments: Payment ID 243764,221,-432.00,1.000000000
226,37,Willy Woosa,56,Payments to deposit,6,432.00,USD,1.000000000,2024-04-26T00:00:00,Paid via QuickBooks Payments: Payment ID 286936,225,-432.00,1.000000000
230,37,Willy Woosa,56,Payments to deposit,6,432.00,USD,1.000000000,2024-05-01T00:00:00,Paid via QuickBooks Payments: Payment ID 241925,229,-432.00,1.000000000
234,37,Willy Woosa,56,Payments to deposit,6,432.00,USD,1.000000000,2024-05-04T00:00:00,Paid via QuickBooks Payments: Payment ID 08715D,233,-432.00,1.000000000
205,37,Willy Woosa,56,Payments to deposit,6,400.00,USD,1.000000000,2024-04-05T00:00:00,Paid via QuickBooks Payments: Payment ID 02623D,204,-400.00,1.000000000
206,37,Willy Woosa,56,Payments to deposit,6,432.00,USD,1.000000000,2024-04-10T00:00:00,Paid via QuickBooks Payments: Payment ID 05237D,203,-432.00,1.000000000
210,37,Willy Woosa,56,Payments to deposit,6,864.00,USD,1.000000000,2024-04-17T00:00:00,Paid via QuickBooks Payments: Payment ID 03370D,209,-864.00,1.000000000
214,37,Willy Woosa,56,Payments to deposit,6,432.00,USD,1.000000000,2024-04-18T00:00:00,Paid via QuickBooks Payments: Payment ID 241360,211,-432.00,1.000000000
218,37,Willy Woosa,56,Payments to deposit,6,432.00,USD,1.000000000,2024-04-20T00:00:00,Paid via QuickBooks Payments: Payment ID 07948D,217,-432.00,1.000000000
222,37,Willy Woosa,56,Payments to deposit,6,432.00,USD,1.000000000,2024-04-24T00:00:00,Paid via QuickBooks Payments: Payment ID 243764,221,-432.00,1.000000000
226,37,Willy Woosa,56,Payments to deposit,6,432.00,USD,1.000000000,2024-04-26T00:00:00,Paid via QuickBooks Payments: Payment ID 286936,225,-432.00,1.000000000
230,37,Willy Woosa,56,Payments to deposit,6,432.00,USD,1.000000000,2024-05-01T00:00:00,Paid via QuickBooks Payments: Payment ID 241925,229,-432.00,1.000000000
234,37,Willy Woosa,56,Payments to deposit,6,432.00,USD,1.000000000,2024-05-04T00:00:00,Paid via QuickBooks Payments: Payment ID 08715D,233,-432.00,1.000000000
268,37,Willy Woosa,56,Payments to deposit,6,432.00,USD,1.000000000,2024-05-07T00:00:00,Paid via QuickBooks Payments: Payment ID 00096D,237,-432.00,1.000000000
205,37,Willy Woosa,56,Payments to deposit,6,400.00,USD,1.000000000,2024-04-05T00:00:00,Paid via QuickBooks Payments: Payment ID 02623D,204,-400.00,1.000000000
206,37,Willy Woosa,56,Payments to deposit,6,432.00,USD,1.000000000,2024-04-10T00:00:00,Paid via QuickBooks Payments: Payment ID 05237D,203,-432.00,1.000000000
210,37,Willy Woosa,56,Payments to deposit,6,864.00,USD,1.000000000,2024-04-17T00:00:00,Paid via QuickBooks Payments: Payment ID 03370D,209,-864.00,1.000000000
214,37,Willy Woosa,56,Payments to deposit,6,432.00,USD,1.000000000,2024-04-18T00:00:00,Paid via QuickBooks Payments: Payment ID 241360,211,-432.00,1.000000000
218,37,Willy Woosa,56,Payments to deposit,6,432.00,USD,1.000000000,2024-04-20T00:00:00,Paid via QuickBooks Payments: Payment ID 07948D,217,-432.00,1.000000000
222,37,Willy Woosa,56,Payments to deposit,6,432.00,USD,1.000000000,2024-04-24T00:00:00,Paid via QuickBooks Payments: Payment ID 243764,221,-432.00,1.000000000
226,37,Willy Woosa,56,Payments to deposit,6,432.00,USD,1.000000000,2024-04-26T00:00:00,Paid via QuickBooks Payments: Payment ID 286936,225,-432.00,1.000000000
230,37,Willy Woosa,56,Payments to deposit,6,432.00,USD,1.000000000,2024-05-01T00:00:00,Paid via QuickBooks Payments: Payment ID 241925,229,-432.00,1.000000000
234,37,Willy Woosa,56,Payments to deposit,6,432.00,USD,1.000000000,2024-05-04T00:00:00,Paid via QuickBooks Payments: Payment ID 08715D,233,-432.00,1.000000000
268,37,Willy Woosa,56,Payments to deposit,6,432.00,USD,1.000000000,2024-05-07T00:00:00,Paid via QuickBooks Payments: Payment ID 00096D,237,-432.00,1.000000000
916,37,Willy Woosa,56,Payments to deposit,6,432.00,USD,1.000000000,2024-05-15T00:00:00,Paid via QuickBooks Payments: Payment ID 223091,915,-432.00,1.000000000
205,37,Willy Woosa,56,Payments to deposit,6,400.00,USD,1.000000000,2024-04-05T00:00:00,Paid via QuickBooks Payments: Payment ID 02623D,204,-400.00,1.000000000
206,37,Willy Woosa,56,Payments to deposit,6,432.00,USD,1.000000000,2024-04-10T00:00:00,Paid via QuickBooks Payments: Payment ID 05237D,203,-432.00,1.000000000
210,37,Willy Woosa,56,Payments to deposit,6,864.00,USD,1.000000000,2024-04-17T00:00:00,Paid via QuickBooks Payments: Payment ID 03370D,209,-864.00,1.000000000
214,37,Willy Woosa,56,Payments to deposit,6,432.00,USD,1.000000000,2024-04-18T00:00:00,Paid via QuickBooks Payments: Payment ID 241360,211,-432.00,1.000000000
218,37,Willy Woosa,56,Payments to deposit,6,432.00,USD,1.000000000,2024-04-20T00:00:00,Paid via QuickBooks Payments: Payment ID 07948D,217,-432.00,1.000000000
222,37,Willy Woosa,56,Payments to deposit,6,432.00,USD,1.000000000,2024-04-24T00:00:00,Paid via QuickBooks Payments: Payment ID 243764,221,-432.00,1.000000000
226,37,Willy Woosa,56,Payments to deposit,6,432.00,USD,1.000000000,2024-04-26T00:00:00,Paid via QuickBooks Payments: Payment ID 286936,225,-432.00,1.000000000
230,37,Willy Woosa,56,Payments to deposit,6,432.00,USD,1.000000000,2024-05-01T00:00:00,Paid via QuickBooks Payments: Payment ID 241925,229,-432.00,1.000000000
234,37,Willy Woosa,56,Payments to deposit,6,432.00,USD,1.000000000,2024-05-04T00:00:00,Paid via QuickBooks Payments: Payment ID 08715D,233,-432.00,1.000000000
268,37,Willy Woosa,56,Payments to deposit,6,432.00,USD,1.000000000,2024-05-07T00:00:00,Paid via QuickBooks Payments: Payment ID 00096D,237,-432.00,1.000000000
916,37,Willy Woosa,56,Payments to deposit,6,432.00,USD,1.000000000,2024-05-15T00:00:00,Paid via QuickBooks Payments: Payment ID 223091,915,-432.00,1.000000000
2166,95,Tim Thomas,17,Cash,1,400.00,USD,1.000000000,2024-06-14T00:00:00,,2165,-400.00,1.000000000
205,37,Willy Woosa,56,Payments to deposit,6,400.00,USD,1.000000000,2024-04-05T00:00:00,Paid via QuickBooks Payments: Payment ID 02623D,204,-400.00,1.000000000
206,37,Willy Woosa,56,Payments to deposit,6,432.00,USD,1.000000000,2024-04-10T00:00:00,Paid via QuickBooks Payments: Payment ID 05237D,203,-432.00,1.000000000
210,37,Willy Woosa,56,Payments to deposit,6,864.00,USD,1.000000000,2024-04-17T00:00:00,Paid via QuickBooks Payments: Payment ID 03370D,209,-864.00,1.000000000
214,37,Willy Woosa,56,Payments to deposit,6,432.00,USD,1.000000000,2024-04-18T00:00:00,Paid via QuickBooks Payments: Payment ID 241360,211,-432.00,1.000000000
218,37,Willy Woosa,56,Payments to deposit,6,432.00,USD,1.000000000,2024-04-20T00:00:00,Paid via QuickBooks Payments: Payment ID 07948D,217,-432.00,1.000000000
222,37,Willy Woosa,56,Payments to deposit,6,432.00,USD,1.000000000,2024-04-24T00:00:00,Paid via QuickBooks Payments: Payment ID 243764,221,-432.00,1.000000000
226,37,Willy Woosa,56,Payments to deposit,6,432.00,USD,1.000000000,2024-04-26T00:00:00,Paid via QuickBooks Payments: Payment ID 286936,225,-432.00,1.000000000
230,37,Willy Woosa,56,Payments to deposit,6,432.00,USD,1.000000000,2024-05-01T00:00:00,Paid via QuickBooks Payments: Payment ID 241925,229,-432.00,1.000000000
234,37,Willy Woosa,56,Payments to deposit,6,432.00,USD,1.000000000,2024-05-04T00:00:00,Paid via QuickBooks Payments: Payment ID 08715D,233,-432.00,1.000000000
268,37,Willy Woosa,56,Payments to deposit,6,432.00,USD,1.000000000,2024-05-07T00:00:00,Paid via QuickBooks Payments: Payment ID 00096D,237,-432.00,1.000000000
916,37,Willy Woosa,56,Payments to deposit,6,432.00,USD,1.000000000,2024-05-15T00:00:00,Paid via QuickBooks Payments: Payment ID 223091,915,-432.00,1.000000000
2166,95,Tim Thomas,17,Cash,1,400.00,USD,1.000000000,2024-06-14T00:00:00,,2165,-400.00,1.000000000
2168,37,Willy Woosa,56,Payments to deposit,6,432.00,USD,1.000000000,2024-07-24T00:00:00,Paid via QuickBooks Payments: Payment ID 08291D,2167,-432.00,1.000000000
205,37,Willy Woosa,56,Payments to deposit,6,400.00,USD,1.000000000,2024-04-05T00:00:00,Paid via QuickBooks Payments: Payment ID 02623D,204,-400.00,1.000000000
206,37,Willy Woosa,56,Payments to deposit,6,432.00,USD,1.000000000,2024-04-10T00:00:00,Paid via QuickBooks Payments: Payment ID 05237D,203,-432.00,1.000000000
210,37,Willy Woosa,56,Payments to deposit,6,864.00,USD,1.000000000,2024-04-17T00:00:00,Paid via QuickBooks Payments: Payment ID 03370D,209,-864.00,1.000000000
214,37,Willy Woosa,56,Payments to deposit,6,432.00,USD,1.000000000,2024-04-18T00:00:00,Paid via QuickBooks Payments: Payment ID 241360,211,-432.00,1.000000000
218,37,Willy Woosa,56,Payments to deposit,6,432.00,USD,1.000000000,2024-04-20T00:00:00,Paid via QuickBooks Payments: Payment ID 07948D,217,-432.00,1.000000000
222,37,Willy Woosa,56,Payments to deposit,6,432.00,USD,1.000000000,2024-04-24T00:00:00,Paid via QuickBooks Payments: Payment ID 243764,221,-432.00,1.000000000
226,37,Willy Woosa,56,Payments to deposit,6,432.00,USD,1.000000000,2024-04-26T00:00:00,Paid via QuickBooks Payments: Payment ID 286936,225,-432.00,1.000000000
230,37,Willy Woosa,56,Payments to deposit,6,432.00,USD,1.000000000,2024-05-01T00:00:00,Paid via QuickBooks Payments: Payment ID 241925,229,-432.00,1.000000000
234,37,Willy Woosa,56,Payments to deposit,6,432.00,USD,1.000000000,2024-05-04T00:00:00,Paid via QuickBooks Payments: Payment ID 08715D,233,-432.00,1.000000000
268,37,Willy Woosa,56,Payments to deposit,6,432.00,USD,1.000000000,2024-05-07T00:00:00,Paid via QuickBooks Payments: Payment ID 00096D,237,-432.00,1.000000000
916,37,Willy Woosa,56,Payments to deposit,6,432.00,USD,1.000000000,2024-05-15T00:00:00,Paid via QuickBooks Payments: Payment ID 223091,915,-432.00,1.000000000
2166,95,Tim Thomas,17,Cash,1,400.00,USD,1.000000000,2024-06-14T00:00:00,,2165,-400.00,1.000000000
2168,37,Willy Woosa,56,Payments to deposit,6,432.00,USD,1.000000000,2024-07-24T00:00:00,Paid via QuickBooks Payments: Payment ID 08291D,2167,-432.00,1.000000000
2173,37,Willy Woosa,56,Payments to deposit,6,432.00,USD,1.000000000,2024-08-04T00:00:00,Paid via QuickBooks Payments: Payment ID 06114D,2171,-432.00,1.000000000
205,37,Willy Woosa,56,Payments to deposit,6,400.00,USD,1.000000000,2024-04-05T00:00:00,Paid via QuickBooks Payments: Payment ID 02623D,204,-400.00,1.000000000
206,37,Willy Woosa,56,Payments to deposit,6,432.00,USD,1.000000000,2024-04-10T00:00:00,Paid via QuickBooks Payments: Payment ID 05237D,203,-432.00,1.000000000
210,37,Willy Woosa,56,Payments to deposit,6,864.00,USD,1.000000000,2024-04-17T00:00:00,Paid via QuickBooks Payments: Payment ID 03370D,209,-864.00,1.000000000
214,37,Willy Woosa,56,Payments to deposit,6,432.00,USD,1.000000000,2024-04-18T00:00:00,Paid via QuickBooks Payments: Payment ID 241360,211,-432.00,1.000000000
218,37,Willy Woosa,56,Payments to deposit,6,432.00,USD,1.000000000,2024-04-20T00:00:00,Paid via QuickBooks Payments: Payment ID 07948D,217,-432.00,1.000000000
222,37,Willy Woosa,56,Payments to deposit,6,432.00,USD,1.000000000,2024-04-24T00:00:00,Paid via QuickBooks Payments: Payment ID 243764,221,-432.00,1.000000000
226,37,Willy Woosa,56,Payments to deposit,6,432.00,USD,1.000000000,2024-04-26T00:00:00,Paid via QuickBooks Payments: Payment ID 286936,225,-432.00,1.000000000
230,37,Willy Woosa,56,Payments to deposit,6,432.00,USD,1.000000000,2024-05-01T00:00:00,Paid via QuickBooks Payments: Payment ID 241925,229,-432.00,1.000000000
234,37,Willy Woosa,56,Payments to deposit,6,432.00,USD,1.000000000,2024-05-04T00:00:00,Paid via QuickBooks Payments: Payment ID 08715D,233,-432.00,1.000000000
268,37,Willy Woosa,56,Payments to deposit,6,432.00,USD,1.000000000,2024-05-07T00:00:00,Paid via QuickBooks Payments: Payment ID 00096D,237,-432.00,1.000000000
916,37,Willy Woosa,56,Payments to deposit,6,432.00,USD,1.000000000,2024-05-15T00:00:00,Paid via QuickBooks Payments: Payment ID 223091,915,-432.00,1.000000000
2166,95,Tim Thomas,17,Cash,1,400.00,USD,1.000000000,2024-06-14T00:00:00,,2165,-400.00,1.000000000
2168,37,Willy Woosa,56,Payments to deposit,6,432.00,USD,1.000000000,2024-07-24T00:00:00,Paid via QuickBooks Payments: Payment ID 08291D,2167,-432.00,1.000000000
2173,37,Willy Woosa,56,Payments to deposit,6,432.00,USD,1.000000000,2024-08-04T00:00:00,Paid via QuickBooks Payments: Payment ID 06114D,2171,-432.00,1.000000000
2176,37,Willy Woosa,56,Payments to deposit,6,432.00,USD,1.000000000,2024-08-26T00:00:00,Paid via QuickBooks Payments: Payment ID 266744,2172,-432.00,1.000000000
205,37,Willy Woosa,56,Payments to deposit,6,400.00,USD,1.000000000,2024-04-05T00:00:00,Paid via QuickBooks Payments: Payment ID 02623D,204,-400.00,1.000000000
206,37,Willy Woosa,56,Payments to deposit,6,432.00,USD,1.000000000,2024-04-10T00:00:00,Paid via QuickBooks Payments: Payment ID 05237D,203,-432.00,1.000000000
210,37,Willy Woosa,56,Payments to deposit,6,864.00,USD,1.000000000,2024-04-17T00:00:00,Paid via QuickBooks Payments: Payment ID 03370D,209,-864.00,1.000000000
214,37,Willy Woosa,56,Payments to deposit,6,432.00,USD,1.000000000,2024-04-18T00:00:00,Paid via QuickBooks Payments: Payment ID 241360,211,-432.00,1.000000000
218,37,Willy Woosa,56,Payments to deposit,6,432.00,USD,1.000000000,2024-04-20T00:00:00,Paid via QuickBooks Payments: Payment ID 07948D,217,-432.00,1.000000000
222,37,Willy Woosa,56,Payments to deposit,6,432.00,USD,1.000000000,2024-04-24T00:00:00,Paid via QuickBooks Payments: Payment ID 243764,221,-432.00,1.000000000
226,37,Willy Woosa,56,Payments to deposit,6,432.00,USD,1.000000000,2024-04-26T00:00:00,Paid via QuickBooks Payments: Payment ID 286936,225,-432.00,1.000000000
230,37,Willy Woosa,56,Payments to deposit,6,432.00,USD,1.000000000,2024-05-01T00:00:00,Paid via QuickBooks Payments: Payment ID 241925,229,-432.00,1.000000000
234,37,Willy Woosa,56,Payments to deposit,6,432.00,USD,1.000000000,2024-05-04T00:00:00,Paid via QuickBooks Payments: Payment ID 08715D,233,-432.00,1.000000000
268,37,Willy Woosa,56,Payments to deposit,6,432.00,USD,1.000000000,2024-05-07T00:00:00,Paid via QuickBooks Payments: Payment ID 00096D,237,-432.00,1.000000000
916,37,Willy Woosa,56,Payments to deposit,6,432.00,USD,1.000000000,2024-05-15T00:00:00,Paid via QuickBooks Payments: Payment ID 223091,915,-432.00,1.000000000
2166,95,Tim Thomas,17,Cash,1,400.00,USD,1.000000000,2024-06-14T00:00:00,,2165,-400.00,1.000000000
2168,37,Willy Woosa,56,Payments to deposit,6,432.00,USD,1.000000000,2024-07-24T00:00:00,Paid via QuickBooks Payments: Payment ID 08291D,2167,-432.00,1.000000000
2173,37,Willy Woosa,56,Payments to deposit,6,432.00,USD,1.000000000,2024-08-04T00:00:00,Paid via QuickBooks Payments: Payment ID 06114D,2171,-432.00,1.000000000
2176,37,Willy Woosa,56,Payments to deposit,6,432.00,USD,1.000000000,2024-08-26T00:00:00,Paid via QuickBooks Payments: Payment ID 266744,2172,-432.00,1.000000000
2202,113,Billy Bob,56,Payments to deposit,7,606.59,USD,1.000000000,2024-09-12T00:00:00,Paid via QuickBooks Payments: Payment ID 1a6e6yiv61518649,2180,-606.59,1.000000000
